"Cyst_ID","Old_ID","New_ID","Genotype","MStage","c3G_continuous","c3G_discontinuous","c3G_foci","Notes","Normalized_H2Av","Slice_Count","C3G_Germarium_Image","C3G_Slice_Count","C3G_Total_Area","C3G_Total_IntDen","Normalized_C3G","C3G_ROIFolder","Region","Cyst_ID_clean","Group","Germarium_Image","ROIFolder","SC_morphology","Slice_Count_mask","Total_MaskedPixelCount","Total_MaskedArea","Total_MaskedIntDen","Normalized_H2Av_masked"
"Meip26-1_C10_16cc",NA,"m_026.tif","meiP26","16cc",1,0,0,NA,244.4199,31,"RawMeip26imagesforQuant.lif - meip26-1_C4.tif",31,2336.6708,516840.3891,221.1867,1,"3","Meip26-1_C10_16cc","mp26","m_026_masked.tif",1,"continuous",31,5184,17.7259,4312177,831.8243
"Meip26-1_C1_2cc","RawMeip26imagesforQuant.lif - meip26-1_1_C3_C4_AllCysts.csv","m_026.tif","meiP26","2cc",0,0,0,"Foci",115.87,15,"RawMeip26imagesforQuant.lif - meip26-1_C4.tif",15,299.0247,51982.034,173.8386,1,NA,"Meip26-1_C1_2cc","mp26","m_026_masked.tif",1,"none",NA,NA,NA,NA,NA
"Meip26-1_C2_4cc","RawMeip26imagesforQuant.lif - meip26-1_1_C3_C4_AllCysts.csv","m_026.tif","meiP26","4cc",0,0,0,"Foci",127.9167,21,"RawMeip26imagesforQuant.lif - meip26-1_C4.tif",21,940.2603,203985.1074,216.9454,1,NA,"Meip26-1_C2_4cc","mp26","m_026_masked.tif",1,"none",NA,NA,NA,NA,NA
"Meip26-1_C3_4cc","RawMeip26imagesforQuant.lif - meip26-1_1_C3_C4_AllCysts.csv","m_026.tif","meiP26","4cc",0,0,0,"Foci",143.8397,20,"RawMeip26imagesforQuant.lif - meip26-1_C4.tif",20,417.9117,81857.4586,195.8726,1,NA,"Meip26-1_C3_4cc","mp26","m_026_masked.tif",1,"none",NA,NA,NA,NA,NA
"Meip26-1_C4_8cc","RawMeip26imagesforQuant.lif - meip26-1_1_C3_C4_AllCysts.csv","m_026.tif","meiP26","8cc",0,0,0,"Foci",105.1341,15,"RawMeip26imagesforQuant.lif - meip26-1_C4.tif",15,653.5692,109211.6878,167.1004,1,NA,"Meip26-1_C4_8cc","mp26","m_026_masked.tif",1,"none",NA,NA,NA,NA,NA
"Meip26-1_C5_8cc","RawMeip26imagesforQuant.lif - meip26-1_1_C3_C4_AllCysts.csv","m_026.tif","meiP26","8cc",0,0,1,"Foci",126.6579,20,"RawMeip26imagesforQuant.lif - meip26-1_C4.tif",20,577.3453,121668.5853,210.738,1,NA,"Meip26-1_C5_8cc","mp26","m_026_masked.tif",1,"foci",NA,NA,NA,NA,NA
"Meip26-1_C6_16cc","RawMeip26imagesforQuant.lif - meip26-1_1_C3_C4_AllCysts.csv","m_026.tif","meiP26","16cc",0,1,1,"Continuous, foci. Diffuse. Not loaded",149.3857,44,"RawMeip26imagesforQuant.lif - meip26-1_C4.tif",44,1197.6614,348862.3587,291.2863,1,"2a","Meip26-1_C6_16cc","mp26","m_026_masked.tif",1,"discontinuous",44,1296,4.4315,200384,154.6173
"Meip26-1_C7_16cc","RawMeip26imagesforQuant.lif - meip26-1_1_C3_C4_AllCysts.csv","m_026.tif","meiP26","16cc",0,0,0,"Foci",106.1758,12,"RawMeip26imagesforQuant.lif - meip26-1_C4.tif",12,721.0669,142429.305,197.5258,1,"2b","Meip26-1_C7_16cc","mp26","m_026_masked.tif",1,"none",NA,NA,NA,NA,NA
"Meip26-1_C8_16cc","RawMeip26imagesforQuant.lif - meip26-1_1_C3_C4_AllCysts.csv","m_026.tif","meiP26","16cc",0,1,1,"Discontinuous, loaded",208.3466,23,"RawMeip26imagesforQuant.lif - meip26-1_C4.tif",23,1535.0716,334599.9028,217.9702,1,"2a","Meip26-1_C8_16cc","mp26","m_026_masked.tif",1,"discontinuous",23,1641,5.6111,655147,399.2364
"Meip26-1_C9_16cc","RawMeip26imagesforQuant.lif - meip26-1_1_C3_C4_AllCysts.csv","m_026.tif","meiP26","16cc",1,0,0,"Complete SC, loaded",168.5568,26,"RawMeip26imagesforQuant.lif - meip26-1_C4.tif",26,1996.4294,432115.1678,216.444,1,"2a","Meip26-1_C9_16cc","mp26","m_026_masked.tif",1,"continuous",26,4684,16.0162,2560507,546.6497
"Meip26-1_CB1","RawMeip26imagesforQuant.lif - meip26-1_1_C3_C4_AllCysts.csv","m_026.tif","meiP26","CB",0,0,0,"No foci",116.083,15,"RawMeip26imagesforQuant.lif - meip26-1_C4.tif",15,250.7881,47158.7954,188.0424,1,NA,"Meip26-1_CB1","mp26","m_026_masked.tif",1,"none",NA,NA,NA,NA,NA
"Meip26-1_GSC1","RawMeip26imagesforQuant.lif - meip26-1_1_C3_C4_AllCysts.csv","m_026.tif","meiP26","GSC",0,0,0,"No foci",149.1754,9,"RawMeip26imagesforQuant.lif - meip26-1_C4.tif",9,188.3372,30144.3146,160.055,1,NA,"Meip26-1_GSC1","mp26","m_026_masked.tif",1,"none",NA,NA,NA,NA,NA
"Meip26-1_GSC2","RawMeip26imagesforQuant.lif - meip26-1_1_C3_C4_AllCysts.csv","m_026.tif","meiP26","GSC",0,0,0,"No foci",103.1445,13,"RawMeip26imagesforQuant.lif - meip26-1_C4.tif",13,342.0571,48494.2972,141.7725,1,NA,"Meip26-1_GSC2","mp26","m_026_masked.tif",1,"none",NA,NA,NA,NA,NA
"Meip26-1_GSC3","RawMeip26imagesforQuant.lif - meip26-1_1_C3_C4_AllCysts.csv","m_026.tif","meiP26","GSC",0,0,0,"No foci",113.8176,15,"RawMeip26imagesforQuant.lif - meip26-1_C4.tif",15,411.7261,66668.3548,161.924,1,NA,"Meip26-1_GSC3","mp26","m_026_masked.tif",1,"none",NA,NA,NA,NA,NA
"Meip26-2_C10_16cc","RawMeip26imagesforQuant.lif - meip26-2_2_C3_C4_AllCysts.csv","m_025.tif","meiP26","16cc",0,1,1,"Several incomplete SC, some foci",219.8018,30,"RawMeip26imagesforQuant.lif - meip26-2_C4.tif",30,1756.4815,566284.7457,322.3972,2,"3","Meip26-2_C10_16cc","mp26","m_025_masked.tif",2,"discontinuous",30,32609,112.1677,8627308,264.5683
"Meip26-2_C1_2cc","RawMeip26imagesforQuant.lif - meip26-2_2_C3_C4_AllCysts.csv","m_025.tif","meiP26","2cc",0,0,0,"No foci",166.1331,16,"RawMeip26imagesforQuant.lif - meip26-2_C4.tif",16,305.2494,81564.8892,267.2074,2,NA,"Meip26-2_C1_2cc","mp26","m_025_masked.tif",2,"none",NA,NA,NA,NA,NA
"Meip26-2_C2_2cc","RawMeip26imagesforQuant.lif - meip26-2_2_C3_C4_AllCysts.csv","m_025.tif","meiP26","2cc",0,0,0,"No foci",133.2156,15,"RawMeip26imagesforQuant.lif - meip26-2_C4.tif",15,272.5233,67148.1799,246.3943,2,NA,"Meip26-2_C2_2cc","mp26","m_025_masked.tif",2,"none",NA,NA,NA,NA,NA
"Meip26-2_C3_8cc","RawMeip26imagesforQuant.lif - meip26-2_2_C3_C4_AllCysts.csv","m_025.tif","meiP26","8cc",0,0,0,"No foci",153.8613,21,"RawMeip26imagesforQuant.lif - meip26-2_C4.tif",21,880.824,224682.0306,255.0816,2,NA,"Meip26-2_C3_8cc","mp26","m_025_masked.tif",2,"none",NA,NA,NA,NA,NA
"Meip26-2_C4_16cc","RawMeip26imagesforQuant.lif - meip26-2_2_C3_C4_AllCysts.csv","m_025.tif","meiP26","16cc",0,0,0,"No foci",253.1513,25,"RawMeip26imagesforQuant.lif - meip26-2_C4.tif",25,986.6557,309305.3126,313.4886,2,"2a","Meip26-2_C4_16cc","mp26","m_025_masked.tif",2,"none",25,3425,11.7812,871591,254.4791
"Meip26-2_C5_16cc","RawMeip26imagesforQuant.lif - meip26-2_2_C3_C4_AllCysts.csv","m_025.tif","meiP26","16cc",1,0,1,"Several incomplete SC, some foci. Diffuse",177.1187,27,"RawMeip26imagesforQuant.lif - meip26-2_C4.tif",27,1224.1517,419969.467,343.0698,2,"2a","Meip26-2_C5_16cc","mp26","m_025_masked.tif",2,"continuous",27,30369,104.4626,6921457,227.9119
"Meip26-2_C6_16cc","RawMeip26imagesforQuant.lif - meip26-2_2_C3_C4_AllCysts.csv","m_025.tif","meiP26","16cc",0,1,1,"Several full SC, some foci",291.9739,21,"RawMeip26imagesforQuant.lif - meip26-2_C4.tif",21,1161.4618,368587.0843,317.3476,2,"2a","Meip26-2_C6_16cc","mp26","m_025_masked.tif",2,"discontinuous",21,31559,108.556,15231938,482.6496
"Meip26-2_C7_16cc","RawMeip26imagesforQuant.lif - meip26-2_2_C3_C4_AllCysts.csv","m_025.tif","meiP26","16cc",0,1,0,"Several incomplete SC, some foci",298.5471,29,"RawMeip26imagesforQuant.lif - meip26-2_C4.tif",29,1190.9028,361835.4221,303.8329,2,"2a","Meip26-2_C7_16cc","mp26","m_025_masked.tif",2,"discontinuous",29,18647,64.1415,9997770,536.1597
"Meip26-2_C8_16cc","RawMeip26imagesforQuant.lif - meip26-2_2_C3_C4_AllCysts.csv","m_025.tif","meiP26","16cc",0,1,0,"Several complete SC, several incomplete SC, some foci",271.7575,26,"RawMeip26imagesforQuant.lif - meip26-2_C4.tif",26,1146.3646,399241.5764,348.2675,2,"2a","Meip26-2_C8_16cc","mp26","m_025_masked.tif",2,"discontinuous",26,45347,155.9836,18982238,418.5996
"Meip26-2_C9_16cc","RawMeip26imagesforQuant.lif - meip26-2_2_C3_C4_AllCysts.csv","m_025.tif","meiP26","16cc",0,1,1,"Several foci",227.5178,25,"RawMeip26imagesforQuant.lif - meip26-2_C4.tif",25,1453.8567,462581.8977,318.1757,2,"2b","Meip26-2_C9_16cc","mp26","m_025_masked.tif",2,"discontinuous",25,44613,153.4588,16620611,372.5508
"Meip26-2_GSC1","RawMeip26imagesforQuant.lif - meip26-2_2_C3_C4_AllCysts.csv","m_025.tif","meiP26","GSC",0,0,0,"Several foci",165.8018,12,"RawMeip26imagesforQuant.lif - meip26-2_C4.tif",12,314.8016,92271.6909,293.1106,2,NA,"Meip26-2_GSC1","mp26","m_025_masked.tif",2,"none",NA,NA,NA,NA,NA
"Meip26-2_GSC2","RawMeip26imagesforQuant.lif - meip26-2_2_C3_C4_AllCysts.csv","m_025.tif","meiP26","GSC",0,0,0,"Several foci",152.0784,16,"RawMeip26imagesforQuant.lif - meip26-2_C4.tif",16,351.3527,85693.5725,243.8961,2,NA,"Meip26-2_GSC2","mp26","m_025_masked.tif",2,"none",NA,NA,NA,NA,NA
"Meip26-3_C10_16cc","RawMeip26imagesforQuant.lif - meip26-3_3_C3_C4_AllCysts.csv","m_024.tif","meiP26","16cc",0,1,1,"Complete SC, Foci (Could argue discontinuous)",204.677,42,"RawMeip26imagesforQuant.lif - meip26-3_C4.tif",42,1422.0924,340751.4914,239.6128,3,"2a","Meip26-3_C10_16cc","mp26","m_024_masked.tif",3,"discontinuous",42,13238,45.3366,3206303,242.2045
"Meip26-3_C11_16cc","RawMeip26imagesforQuant.lif - meip26-3_3_C3_C4_AllCysts.csv","m_024.tif","meiP26","16cc",0,1,1,"Several foci",209.9471,29,"RawMeip26imagesforQuant.lif - meip26-3_C4.tif",29,991.3125,202852.7158,204.6304,3,"2b","Meip26-3_C11_16cc","mp26","m_024_masked.tif",3,"discontinuous",29,11955,40.9427,2912062,243.5853
"Meip26-3_C12_16cc","RawMeip26imagesforQuant.lif - meip26-3_3_C3_C4_AllCysts.csv","m_024.tif","meiP26","16cc",0,1,1,"2 continuous SC (Blurry but loaded)",194.868,39,"RawMeip26imagesforQuant.lif - meip26-3_C4.tif",39,1777.6411,427656.3782,240.5752,3,"2b","Meip26-3_C12_16cc","mp26","m_024_masked.tif",3,"discontinuous",39,23575,80.738,6021771,255.4304
"Meip26-3_C13_16cc","RawMeip26imagesforQuant.lif - meip26-3_3_C3_C4_AllCysts.csv","m_024.tif","meiP26","16cc",0,1,0,"Discontinuous, diffuse, foci",258.7066,34,"RawMeip26imagesforQuant.lif - meip26-3_C4.tif",34,2674.7906,570445.9922,213.2675,3,"3","Meip26-3_C13_16cc","mp26","m_024_masked.tif",3,"discontinuous",34,21440,73.4262,4993046,232.8846
"Meip26-3_C1_2cc","RawMeip26imagesforQuant.lif - meip26-3_3_C3_C4_AllCysts.csv","m_024.tif","meiP26","2cc",0,0,0,"No foci",129.4133,15,"RawMeip26imagesforQuant.lif - meip26-3_C4.tif",15,225.2788,45038.1643,199.9219,3,NA,"Meip26-3_C1_2cc","mp26","m_024_masked.tif",3,"none",NA,NA,NA,NA,NA
"Meip26-3_C2_2cc","RawMeip26imagesforQuant.lif - meip26-3_3_C3_C4_AllCysts.csv","m_024.tif","meiP26","2cc",0,0,0,"Incomplete SC, several foci",131.957,13,"RawMeip26imagesforQuant.lif - meip26-3_C4.tif",13,295.8146,50934.0553,172.1824,3,NA,"Meip26-3_C2_2cc","mp26","m_024_masked.tif",3,"none",NA,NA,NA,NA,NA
"Meip26-3_C3_4cc","RawMeip26imagesforQuant.lif - meip26-3_3_C3_C4_AllCysts.csv","m_024.tif","meiP26","4cc",0,0,0,"Several complete SC, several incomplete SC, some foci",150.5962,16,"RawMeip26imagesforQuant.lif - meip26-3_C4.tif",16,462.4244,102618.459,221.914,3,NA,"Meip26-3_C3_4cc","mp26","m_024_masked.tif",3,"none",NA,NA,NA,NA,NA
"Meip26-3_C4_8cc","RawMeip26imagesforQuant.lif - meip26-3_3_C3_C4_AllCysts.csv","m_024.tif","meiP26","8cc",0,0,1,"Several complete SC, several incomplete SC, some foci",127.9266,22,"RawMeip26imagesforQuant.lif - meip26-3_C4.tif",22,767.0645,134816.1268,175.7559,3,NA,"Meip26-3_C4_8cc","mp26","m_024_masked.tif",3,"foci",NA,NA,NA,NA,NA
"Meip26-3_C5_8cc","RawMeip26imagesforQuant.lif - meip26-3_3_C3_C4_AllCysts.csv","m_024.tif","meiP26","8cc",0,0,1,"Several complete SC, several incomplete SC, some foci",114.7088,13,"RawMeip26imagesforQuant.lif - meip26-3_C4.tif",13,562.5156,96027.4228,170.7107,3,NA,"Meip26-3_C5_8cc","mp26","m_024_masked.tif",3,"foci",NA,NA,NA,NA,NA
"Meip26-3_C6_8cc","RawMeip26imagesforQuant.lif - meip26-3_3_C3_C4_AllCysts.csv","m_024.tif","meiP26","8cc",0,0,1,"complete SC, several foci",148.7973,20,"RawMeip26imagesforQuant.lif - meip26-3_C4.tif",20,656.6101,143748.1348,218.9247,3,NA,"Meip26-3_C6_8cc","mp26","m_024_masked.tif",3,"foci",NA,NA,NA,NA,NA
"Meip26-3_C7_16cc","RawMeip26imagesforQuant.lif - meip26-3_3_C3_C4_AllCysts.csv","m_024.tif","meiP26","16cc",1,1,0,"complete SC, several foci, diffuse",191.5312,31,"RawMeip26imagesforQuant.lif - meip26-3_C4.tif",31,1549.5232,311221.0215,200.8495,3,"2a","Meip26-3_C7_16cc","mp26","m_024_masked.tif",3,"continuous",31,13071,44.7647,5064129,387.4324
"Meip26-3_C8_16cc","RawMeip26imagesforQuant.lif - meip26-3_3_C3_C4_AllCysts.csv","m_024.tif","meiP26","16cc",1,0,0,"complete SC, several foci, diffuse (Could argue loaded)",195.6492,20,"RawMeip26imagesforQuant.lif - meip26-3_C4.tif",20,1030.2996,437921.9663,425.0433,3,"2a","Meip26-3_C8_16cc","mp26","m_024_masked.tif",3,"continuous",20,38904,133.2358,10778670,277.0581
"Meip26-3_C9_16cc","RawMeip26imagesforQuant.lif - meip26-3_3_C3_C4_AllCysts.csv","m_024.tif","meiP26","16cc",0,1,1,"Several incomplete SC, some foci",270.8404,29,"RawMeip26imagesforQuant.lif - meip26-3_C4.tif",29,852.9054,241353.5129,282.9781,3,"2a","Meip26-3_C9_16cc","mp26","m_024_masked.tif",3,"discontinuous",29,15770,54.008,6031737,382.4817
"Meip26-3_CB","RawMeip26imagesforQuant.lif - meip26-3_3_C3_C4_AllCysts.csv","m_024.tif","meiP26","CB",0,0,0,"No foci",177.5038,15,"RawMeip26imagesforQuant.lif - meip26-3_C4.tif",15,245.0841,59936.6846,244.5556,3,NA,"Meip26-3_CB","mp26","m_024_masked.tif",3,"none",NA,NA,NA,NA,NA
"Meip26-3_GSC1","RawMeip26imagesforQuant.lif - meip26-3_3_C3_C4_AllCysts.csv","m_024.tif","meiP26","GSC",0,0,0,"No foci",144.7961,16,"RawMeip26imagesforQuant.lif - meip26-3_C4.tif",16,250.0739,48295.5668,193.1252,3,NA,"Meip26-3_GSC1","mp26","m_024_masked.tif",3,"none",NA,NA,NA,NA,NA
"Meip26-3_GSC2","RawMeip26imagesforQuant.lif - meip26-3_3_C3_C4_AllCysts.csv","m_024.tif","meiP26","GSC",0,0,0,"No foci",100.0848,14,"RawMeip26imagesforQuant.lif - meip26-3_C4.tif",14,303.9757,43492.7165,143.0796,3,NA,"Meip26-3_GSC2","mp26","m_024_masked.tif",3,"none",NA,NA,NA,NA,NA
"Meip26-3_GSC3","RawMeip26imagesforQuant.lif - meip26-3_3_C3_C4_AllCysts.csv","m_024.tif","meiP26","GSC",0,0,0,"No foci",138.7792,10,"RawMeip26imagesforQuant.lif - meip26-3_C4.tif",10,211.2203,45457.7247,215.2147,3,NA,"Meip26-3_GSC3","mp26","m_024_masked.tif",3,"none",NA,NA,NA,NA,NA
"Meip26-4_C1_2cc","RawMeip26imagesforQuant.lif - meip26-4_4_C3_C4_AllCysts.csv","m_023.tif","meiP26","2cc",0,0,1,"One focus",135.3057,9,"RawMeip26imagesforQuant.lif - meip26-4_C4.tif",9,294.8009,42100.8613,142.8112,4,NA,"Meip26-4_C1_2cc","mp26","m_023_masked.tif",4,"foci",NA,NA,NA,NA,NA
"Meip26-4_C2_4cc","RawMeip26imagesforQuant.lif - meip26-4_4_C3_C4_AllCysts.csv","m_023.tif","meiP26","4cc",0,0,0,"One focus",168.2119,17,"RawMeip26imagesforQuant.lif - meip26-4_C4.tif",17,494.1824,88476.2024,179.0355,4,NA,"Meip26-4_C2_4cc","mp26","m_023_masked.tif",4,"none",NA,NA,NA,NA,NA
"Meip26-4_C3_4cc","RawMeip26imagesforQuant.lif - meip26-4_4_C3_C4_AllCysts.csv","m_023.tif","meiP26","4cc",0,0,1,"One focus",192.3847,16,"RawMeip26imagesforQuant.lif - meip26-4_C4.tif",16,453.8123,89148.561,196.4437,4,NA,"Meip26-4_C3_4cc","mp26","m_023_masked.tif",4,"foci",NA,NA,NA,NA,NA
"Meip26-4_C4_2cc","RawMeip26imagesforQuant.lif - meip26-4_4_C3_C4_AllCysts.csv","m_023.tif","meiP26","2cc",0,0,0,"No foci",165.3369,9,"RawMeip26imagesforQuant.lif - meip26-4_C4.tif",9,256.8238,42657.1649,166.0951,4,NA,"Meip26-4_C4_2cc","mp26","m_023_masked.tif",4,"none",NA,NA,NA,NA,NA
"Meip26-4_C6_8cc","RawMeip26imagesforQuant.lif - meip26-4_4_C3_C4_AllCysts.csv","m_023.tif","meiP26","8cc",0,0,1,"Several foci",186.2886,17,"RawMeip26imagesforQuant.lif - meip26-4_C4.tif",17,774.9638,163273.0648,210.6848,4,NA,"Meip26-4_C6_8cc","mp26","m_023_masked.tif",4,"foci",NA,NA,NA,NA,NA
"Meip26-4_C7_8cc","RawMeip26imagesforQuant.lif - meip26-4_4_C3_C4_AllCysts.csv","m_023.tif","meiP26","8cc",0,0,1,"Several foci",246.7264,20,"RawMeip26imagesforQuant.lif - meip26-4_C4.tif",20,755.7404,189815.2785,251.1647,4,NA,"Meip26-4_C7_8cc","mp26","m_023_masked.tif",4,"foci",NA,NA,NA,NA,NA
"Meip26-4_C8_16cc","RawMeip26imagesforQuant.lif - meip26-4_4_C3_C4_AllCysts.csv","m_023.tif","meiP26","16cc",0,1,1,"Several foci",243.3677,21,"RawMeip26imagesforQuant.lif - meip26-4_C4.tif",21,1434.9879,268963.1066,187.4323,4,"2b","Meip26-4_C8_16cc","mp26","m_023_masked.tif",4,"discontinuous",21,6858,23.6813,2766042,403.3307
"Meip26-4_C9_16cc","RawMeip26imagesforQuant.lif - meip26-4_4_C3_C4_AllCysts.csv","m_023.tif","meiP26","16cc",0,1,1,"complete SC, several foci (Diffuse)",340.5463,31,"RawMeip26imagesforQuant.lif - meip26-4_C4.tif",31,2097.1598,408973.9055,195.0132,4,"3","Meip26-4_C9_16cc","mp26","m_023_masked.tif",4,"discontinuous",31,20060,69.269,7366603,367.2285
"Meip26-4_CB","RawMeip26imagesforQuant.lif - meip26-4_4_C3_C4_AllCysts.csv","m_023.tif","meiP26","CB",0,0,0,"No foci",189.1462,17,"RawMeip26imagesforQuant.lif - meip26-4_C4.tif",17,325.4091,50621.395,155.5623,4,NA,"Meip26-4_CB","mp26","m_023_masked.tif",4,"none",NA,NA,NA,NA,NA
"Meip26-4_GSC1","RawMeip26imagesforQuant.lif - meip26-4_4_C3_C4_AllCysts.csv","m_023.tif","meiP26","GSC",0,0,0,"No foci",151.1605,11,"RawMeip26imagesforQuant.lif - meip26-4_C4.tif",11,216.4468,38820.8964,179.3554,4,NA,"Meip26-4_GSC1","mp26","m_023_masked.tif",4,"none",NA,NA,NA,NA,NA
"Meip26-4_GSC2","RawMeip26imagesforQuant.lif - meip26-4_4_C3_C4_AllCysts.csv","m_023.tif","meiP26","GSC",0,0,0,"No foci",191.7411,15,"RawMeip26imagesforQuant.lif - meip26-4_C4.tif",15,313.634,48005.8811,153.0634,4,NA,"Meip26-4_GSC2","mp26","m_023_masked.tif",4,"none",NA,NA,NA,NA,NA
"Meip26-4_GSC3","RawMeip26imagesforQuant.lif - meip26-4_4_C3_C4_AllCysts.csv","m_023.tif","meiP26","GSC",0,0,0,"No foci",154.5728,10,"RawMeip26imagesforQuant.lif - meip26-4_C4.tif",10,299.5523,49484.5817,165.1951,4,NA,"Meip26-4_GSC3","mp26","m_023_masked.tif",4,"none",NA,NA,NA,NA,NA
"Meip26-5_C10_16cc","RawMeip26imagesforQuant.lif - meip26-5_5_C3_C4_AllCysts.csv","m_022.tif","meiP26","16cc",1,1,1,"Continuous SC, Foci",352.5897,29,"RawMeip26imagesforQuant.lif - meip26-5_C4.tif",29,2030.6744,633079.2417,311.7581,5,"2b","Meip26-5_C10_16cc","mp26","m_022_masked.tif",5,"continuous",29,175588,606.3248,82581585,470.3145
"Meip26-5_C11_16cc","RawMeip26imagesforQuant.lif - meip26-5_5_C3_C4_AllCysts.csv","m_022.tif","meiP26","16cc",0,1,0,"Continuous SC, Foci",393.6821,21,"RawMeip26imagesforQuant.lif - meip26-5_C4.tif",21,1234.6805,430701.9992,348.8368,5,"2b","Meip26-5_C11_16cc","mp26","m_022_masked.tif",5,"discontinuous",21,114826,396.5069,61428345,534.969
"Meip26-5_C12_16cc","RawMeip26imagesforQuant.lif - meip26-5_5_C3_C4_AllCysts.csv","m_022.tif","meiP26","16cc",0,1,0,"Several discontinuous on edge",227.4442,14,"RawMeip26imagesforQuant.lif - meip26-5_C4.tif",14,1163.6362,331062.5851,284.5069,5,"3","Meip26-5_C12_16cc","mp26","m_022_masked.tif",5,"discontinuous",14,64464,222.6013,16750388,259.841
"Meip26-5_C13_8cc",NA,"m_022.tif","meiP26","8cc",0,0,1,NA,334.392,6,"RawMeip26imagesforQuant.lif - meip26-5_C4.tif",6,336.333,88560.6777,263.3125,5,NA,"Meip26-5_C13_8cc","mp26","m_022_masked.tif",5,"foci",NA,NA,NA,NA,NA
"Meip26-5_C1_2cc","RawMeip26imagesforQuant.lif - meip26-5_5_C3_C4_AllCysts.csv","m_022.tif","meiP26","2cc",0,0,0,"No foci",228.9752,12,"RawMeip26imagesforQuant.lif - meip26-5_C4.tif",12,247.1771,54168.011,219.1465,5,NA,"Meip26-5_C1_2cc","mp26","m_022_masked.tif",5,"none",NA,NA,NA,NA,NA
"Meip26-5_C2_2cc","RawMeip26imagesforQuant.lif - meip26-5_5_C3_C4_AllCysts.csv","m_022.tif","meiP26","2cc",0,0,0,"No foci",171.6948,13,"RawMeip26imagesforQuant.lif - meip26-5_C4.tif",13,361.5234,74785.8558,206.8631,5,NA,"Meip26-5_C2_2cc","mp26","m_022_masked.tif",5,"none",NA,NA,NA,NA,NA
"Meip26-5_C3_2cc","RawMeip26imagesforQuant.lif - meip26-5_5_C3_C4_AllCysts.csv","m_022.tif","meiP26","2cc",0,0,0,"Several foci",178.9824,10,"RawMeip26imagesforQuant.lif - meip26-5_C4.tif",10,254.553,59470.7842,233.6283,5,NA,"Meip26-5_C3_2cc","mp26","m_022_masked.tif",5,"none",NA,NA,NA,NA,NA
"Meip26-5_C4_2cc","RawMeip26imagesforQuant.lif - meip26-5_5_C3_C4_AllCysts.csv","m_022.tif","meiP26","2cc",0,0,0,"No foci",227.7427,10,"RawMeip26imagesforQuant.lif - meip26-5_C4.tif",10,257.4156,64629.4038,251.0703,5,NA,"Meip26-5_C4_2cc","mp26","m_022_masked.tif",5,"none",NA,NA,NA,NA,NA
"Meip26-5_C5_2cc","RawMeip26imagesforQuant.lif - meip26-5_5_C3_C4_AllCysts.csv","m_022.tif","meiP26","2cc",0,0,0,"Several foci",192.3077,10,"RawMeip26imagesforQuant.lif - meip26-5_C4.tif",10,248.5687,59271.9299,238.4529,5,NA,"Meip26-5_C5_2cc","mp26","m_022_masked.tif",5,"none",NA,NA,NA,NA,NA
"Meip26-5_C6_8cc","RawMeip26imagesforQuant.lif - meip26-5_5_C3_C4_AllCysts.csv","m_022.tif","meiP26","8cc",0,0,1,"Several foci",268.4097,33,"RawMeip26imagesforQuant.lif - meip26-5_C4.tif",33,2435.8141,657402.4194,269.8902,5,NA,"Meip26-5_C6_8cc","mp26","m_022_masked.tif",5,"foci",NA,NA,NA,NA,NA
"Meip26-5_C7_4cc","RawMeip26imagesforQuant.lif - meip26-5_5_C3_C4_AllCysts.csv","m_022.tif","meiP26","4cc",0,0,0,"No foci",208.7019,17,"RawMeip26imagesforQuant.lif - meip26-5_C4.tif",17,512.6972,129554.8152,252.6927,5,NA,"Meip26-5_C7_4cc","mp26","m_022_masked.tif",5,"none",NA,NA,NA,NA,NA
"Meip26-5_C8_8cc","RawMeip26imagesforQuant.lif - meip26-5_5_C3_C4_AllCysts.csv","m_022.tif","meiP26","8cc",0,0,1,"Several foci",263.8482,16,"RawMeip26imagesforQuant.lif - meip26-5_C4.tif",16,594.2217,165142.5897,277.9141,5,NA,"Meip26-5_C8_8cc","mp26","m_022_masked.tif",5,"foci",NA,NA,NA,NA,NA
"Meip26-5_C9_8cc","RawMeip26imagesforQuant.lif - meip26-5_5_C3_C4_AllCysts.csv","m_022.tif","meiP26","8cc",0,0,1,"Several foci",264.8915,9,"RawMeip26imagesforQuant.lif - meip26-5_C4.tif",9,546.9175,156920.6878,286.9184,5,NA,"Meip26-5_C9_8cc","mp26","m_022_masked.tif",5,"foci",NA,NA,NA,NA,NA
"Meip26-5_GSC1","RawMeip26imagesforQuant.lif - meip26-5_5_C3_C4_AllCysts.csv","m_022.tif","meiP26","GSC",0,0,0,"No foci",182.1486,12,"RawMeip26imagesforQuant.lif - meip26-5_C4.tif",12,244.7185,59355.0256,242.5441,5,NA,"Meip26-5_GSC1","mp26","m_022_masked.tif",5,"none",NA,NA,NA,NA,NA
"Meip26-5_GSC2","RawMeip26imagesforQuant.lif - meip26-5_5_C3_C4_AllCysts.csv","m_022.tif","meiP26","GSC",0,0,0,"No foci",180.1072,14,"RawMeip26imagesforQuant.lif - meip26-5_C4.tif",14,372.4733,82271.9826,220.8802,5,NA,"Meip26-5_GSC2","mp26","m_022_masked.tif",5,"none",NA,NA,NA,NA,NA
"Meip26-6_C10_16cc","RawMeip26imagesforQuant.lif - meip26-6_6_C3_C4_AllCysts.csv","m_021.tif","meiP26","16cc",0,1,1,"Discontinuous SC, foci",299.1324,48,"RawMeip26imagesforQuant.lif - meip26-6_C4.tif",48,1650.2381,15237.2195,9.2333,6,NA,"Meip26-6_C10_16cc",NA,NA,NA,"discontinuous",NA,NA,NA,NA,NA
"Meip26-6_C1_2cc","RawMeip26imagesforQuant.lif - meip26-6_6_C3_C4_AllCysts.csv","m_021.tif","meiP26","2cc",0,0,1,"Several Foci",227.7477,8,"RawMeip26imagesforQuant.lif - meip26-6_C4.tif",8,158.8542,1759.2698,11.0747,6,NA,"Meip26-6_C1_2cc",NA,NA,NA,"foci",NA,NA,NA,NA,NA
"Meip26-6_C2_4cc","RawMeip26imagesforQuant.lif - meip26-6_6_C3_C4_AllCysts.csv","m_021.tif","meiP26","4cc",0,0,1,"Several foci",166.4266,15,"RawMeip26imagesforQuant.lif - meip26-6_C4.tif",15,387.5151,1830.6295,4.724,6,NA,"Meip26-6_C2_4cc",NA,NA,NA,"foci",NA,NA,NA,NA,NA
"Meip26-6_C3_8cc","RawMeip26imagesforQuant.lif - meip26-6_6_C3_C4_AllCysts.csv","m_021.tif","meiP26","8cc",0,1,1,"Several prominent foci",221.1603,27,"RawMeip26imagesforQuant.lif - meip26-6_C4.tif",27,897.1151,95224.0237,106.1447,6,NA,"Meip26-6_C3_8cc",NA,NA,NA,"discontinuous",NA,NA,NA,NA,NA
"Meip26-6_C4_16cc","RawMeip26imagesforQuant.lif - meip26-6_6_C3_C4_AllCysts.csv","m_021.tif","meiP26","16cc",0,1,1,"Several foci",212.2298,25,"RawMeip26imagesforQuant.lif - meip26-6_C4.tif",25,1266.2543,9262.1553,7.3146,6,"2a","Meip26-6_C4_16cc",NA,NA,NA,"discontinuous",25,11358,39.2838,5558105,489.356
"Meip26-6_C5_16cc","RawMeip26imagesforQuant.lif - meip26-6_6_C3_C4_AllCysts.csv","m_021.tif","meiP26","16cc",0,1,1,"Complete SC, foci, blurry but loaded",356.2772,21,"RawMeip26imagesforQuant.lif - meip26-6_C4.tif",21,827.969,7803.2312,9.4245,6,"2a","Meip26-6_C5_16cc",NA,NA,NA,"discontinuous",21,23676,81.888,15825521,668.4204
"Meip26-6_C6_16cc","RawMeip26imagesforQuant.lif - meip26-6_6_C3_C4_AllCysts.csv","m_021.tif","meiP26","16cc",0,1,1,"No foci",273.656,38,"RawMeip26imagesforQuant.lif - meip26-6_C4.tif",38,1563.5737,213363.7189,136.459,6,"2a","Meip26-6_C6_16cc",NA,NA,NA,"discontinuous",38,29493,102.0072,18398096,623.8123
"Meip26-6_C8_16cc","RawMeip26imagesforQuant.lif - meip26-6_6_C3_C4_AllCysts.csv","m_021.tif","meiP26","16cc",0,1,0,"Several foci",350.1233,29,"RawMeip26imagesforQuant.lif - meip26-6_C4.tif",29,1624.0904,47296.8041,29.122,6,"2b","Meip26-6_C8_16cc",NA,NA,NA,"discontinuous",29,3575,12.3648,1382143,386.6134
"Meip26-6_C9_16cc","RawMeip26imagesforQuant.lif - meip26-6_6_C3_C4_AllCysts.csv","m_021.tif","meiP26","16cc",1,1,0,"Complete SC, incomplete, foci. One SC is particularly diffuse but the rest are loaded",253.5818,15,"RawMeip26imagesforQuant.lif - meip26-6_C4.tif",15,1233.6215,37521.5382,30.4158,6,"2a","Meip26-6_C9_16cc",NA,NA,NA,"continuous",15,23632,81.7358,11421527,483.3077
"Meip26-6_GSC1","RawMeip26imagesforQuant.lif - meip26-6_6_C3_C4_AllCysts.csv","m_021.tif","meiP26","GSC",0,0,0,"No foci",156.7062,14,"RawMeip26imagesforQuant.lif - meip26-6_C4.tif",14,316.9855,7878.354,24.854,6,NA,"Meip26-6_GSC1",NA,NA,NA,"none",NA,NA,NA,NA,NA
"Meip26-6_GSC2","RawMeip26imagesforQuant.lif - meip26-6_6_C3_C4_AllCysts.csv","m_021.tif","meiP26","GSC",0,0,0,"No foci",173.2464,21,"RawMeip26imagesforQuant.lif - meip26-6_C4.tif",21,305.9869,2389.2807,7.8084,6,NA,"Meip26-6_GSC2",NA,NA,NA,"none",NA,NA,NA,NA,NA
"Meip26-11_C10_16cc",NA,"m_016.tif","meiP26","16cc",0,0,1,"VERY DIFFUSE",329.01,28,"RawMeip26imagesforQuant.lif - meip26-11_C4.tif",28,944.1509,219.1623,0.2321,11,"2a","Meip26-11_C10_16cc","mp26","m_016_masked.tif",11,"foci",28,26853,92.4004,7967213,296.6973
"Meip26-11_C11_8cc",NA,"m_016.tif","meiP26","8cc",0,0,1,"VERY DIFFUSE",445.9901,28,"RawMeip26imagesforQuant.lif - meip26-11_C4.tif",28,1508.016,12429.7724,8.2425,11,NA,"Meip26-11_C11_8cc","mp26","m_016_masked.tif",11,"foci",NA,NA,NA,NA,NA
"Meip26-11_C12_16cc","RawMeip26imagesforQuant.lif - meip26-11_11_C3_C4_AllCysts.csv","m_016.tif","meiP26","16cc",0,1,0,"Continuous, discontinuous, foci, loaded",401.0828,27,"RawMeip26imagesforQuant.lif - meip26-11_C4.tif",27,1978.3692,44546.2257,22.5166,11,"2a","Meip26-11_C12_16cc","mp26","m_016_masked.tif",11,"discontinuous",27,30636,105.4176,22083782,720.8442
"Meip26-11_C13_16cc","RawMeip26imagesforQuant.lif - meip26-11_11_C3_C4_AllCysts.csv","m_016.tif","meiP26","16cc",0,1,1,"Discontinuous, foci",417.8731,26,"RawMeip26imagesforQuant.lif - meip26-11_C4.tif",26,1642.2792,572128.6873,348.3748,11,"2a","Meip26-11_C13_16cc","mp26","m_016_masked.tif",11,"discontinuous",26,12467,42.8986,8591200,689.1153
"Meip26-11_C14_16cc",NA,"m_016.tif","meiP26","16cc",1,0,0,NA,282.2414,16,"RawMeip26imagesforQuant.lif - meip26-11_C4.tif",16,1730.0653,516083.0039,298.3026,11,"2a","Meip26-11_C14_16cc","mp26","m_016_masked.tif",11,"continuous",16,15500,53.3351,5542101,357.5549
"Meip26-11_C15_16cc",NA,"m_016.tif","meiP26","16cc",0,1,1,NA,276.4189,25,"RawMeip26imagesforQuant.lif - meip26-11_C4.tif",25,1968.0635,570979.0622,290.1223,11,"2b","Meip26-11_C15_16cc","mp26","m_016_masked.tif",11,"discontinuous",25,9576,32.9507,3115012,325.2937
"Meip26-11_C1_2cc","RawMeip26imagesforQuant.lif - meip26-11_11_C3_C4_AllCysts.csv","m_016.tif","meiP26","2cc",0,0,0,"No foci",167.2862,20,"RawMeip26imagesforQuant.lif - meip26-11_C4.tif",20,352.6342,314.3121,0.8913,11,NA,"Meip26-11_C1_2cc","mp26","m_016_masked.tif",11,"none",NA,NA,NA,NA,NA
"Meip26-11_C2_2cc","RawMeip26imagesforQuant.lif - meip26-11_11_C3_C4_AllCysts.csv","m_016.tif","meiP26","2cc",0,0,0,"No foci",192.9716,9,"RawMeip26imagesforQuant.lif - meip26-11_C4.tif",9,264.1875,15060.6736,57.0075,11,NA,"Meip26-11_C2_2cc","mp26","m_016_masked.tif",11,"none",NA,NA,NA,NA,NA
"Meip26-11_C3_4cc","RawMeip26imagesforQuant.lif - meip26-11_11_C3_C4_AllCysts.csv","m_016.tif","meiP26","4cc",0,0,0,"No foci",379.9826,12,"RawMeip26imagesforQuant.lif - meip26-11_C4.tif",12,519.2735,198.2378,0.3818,11,NA,"Meip26-11_C3_4cc","mp26","m_016_masked.tif",11,"none",NA,NA,NA,NA,NA
"Meip26-11_C4_4cc","RawMeip26imagesforQuant.lif - meip26-11_11_C3_C4_AllCysts.csv","m_016.tif","meiP26","4cc",0,0,0,"No foci",305.2426,10,"RawMeip26imagesforQuant.lif - meip26-11_C4.tif",10,349.1898,76.3345,0.2186,11,NA,"Meip26-11_C4_4cc","mp26","m_016_masked.tif",11,"none",NA,NA,NA,NA,NA
"Meip26-11_C5_4cc","RawMeip26imagesforQuant.lif - meip26-11_11_C3_C4_AllCysts.csv","m_016.tif","meiP26","4cc",0,0,0,"No foci",247.1079,16,"RawMeip26imagesforQuant.lif - meip26-11_C4.tif",16,633.2282,46186.3372,72.9379,11,NA,"Meip26-11_C5_4cc","mp26","m_016_masked.tif",11,"none",NA,NA,NA,NA,NA
"Meip26-11_C6_4cc","RawMeip26imagesforQuant.lif - meip26-11_11_C3_C4_AllCysts.csv","m_016.tif","meiP26","4cc",0,0,0,"No foci",262.7304,12,"RawMeip26imagesforQuant.lif - meip26-11_C4.tif",12,350.7967,74.676,0.2129,11,NA,"Meip26-11_C6_4cc","mp26","m_016_masked.tif",11,"none",NA,NA,NA,NA,NA
"Meip26-11_C7_4cc","RawMeip26imagesforQuant.lif - meip26-11_11_C3_C4_AllCysts.csv","m_016.tif","meiP26","4cc",0,0,0,"foci",307.2756,19,"RawMeip26imagesforQuant.lif - meip26-11_C4.tif",19,485.1116,60.4854,0.1247,11,NA,"Meip26-11_C7_4cc","mp26","m_016_masked.tif",11,"none",NA,NA,NA,NA,NA
"Meip26-11_C8_8cc","RawMeip26imagesforQuant.lif - meip26-11_11_C3_C4_AllCysts.csv","m_016.tif","meiP26","8cc",0,1,1,"Discontinuous, foci. Loaded.",336.6375,12,"RawMeip26imagesforQuant.lif - meip26-11_C4.tif",12,715.3779,569.1883,0.7956,11,NA,"Meip26-11_C8_8cc","mp26","m_016_masked.tif",11,"discontinuous",NA,NA,NA,NA,NA
"Meip26-11_GSC1","RawMeip26imagesforQuant.lif - meip26-11_11_C3_C4_AllCysts.csv","m_016.tif","meiP26","GSC",0,0,0,"No foci",173.8916,14,"RawMeip26imagesforQuant.lif - meip26-11_C4.tif",14,428.9756,1891.3884,4.4091,11,NA,"Meip26-11_GSC1","mp26","m_016_masked.tif",11,"none",NA,NA,NA,NA,NA
"Meip26-11_GSC2","RawMeip26imagesforQuant.lif - meip26-11_11_C3_C4_AllCysts.csv","m_016.tif","meiP26","GSC",0,0,0,"No foci",228.0999,14,"RawMeip26imagesforQuant.lif - meip26-11_C4.tif",14,355.3181,29845.8528,83.9975,11,NA,"Meip26-11_GSC2","mp26","m_016_masked.tif",11,"none",NA,NA,NA,NA,NA
"Meip26-12_C10_16cc","RawMeip26imagesforQuant.lif - meip26-12_12_C3_C4_AllCysts.csv","m_015.tif","meiP26","16cc",1,0,0,"Continuous, foci, loaded.",301.9828,14,"RawMeip26imagesforQuant.lif - meip26-12_C4.tif",14,1416.8739,381147.1641,269.0057,12,"2b","Meip26-12_C10_16cc","mp26","m_015_masked.tif",12,"continuous",14,45641,157.7773,32680357,716.0307
"Meip26-12_C11_16cc","RawMeip26imagesforQuant.lif - meip26-12_12_C3_C4_AllCysts.csv","m_015.tif","meiP26","16cc",1,0,1,"Continuous, foci, loaded.",494.4499,17,"RawMeip26imagesforQuant.lif - meip26-12_C4.tif",17,2262.9274,521389.1124,230.4047,12,"2b","Meip26-12_C11_16cc","mp26","m_015_masked.tif",12,"continuous",17,33263,114.9875,34726446,1043.9962
"Meip26-12_C1_2cc","RawMeip26imagesforQuant.lif - meip26-12_12_C3_C4_AllCysts.csv","m_015.tif","meiP26","2cc",0,0,0,"No foci",189.8424,9,"RawMeip26imagesforQuant.lif - meip26-12_C4.tif",9,284.5806,63.7456,0.224,12,NA,"Meip26-12_C1_2cc","mp26","m_015_masked.tif",12,"none",NA,NA,NA,NA,NA
"Meip26-12_C2_2cc","RawMeip26imagesforQuant.lif - meip26-12_12_C3_C4_AllCysts.csv","m_015.tif","meiP26","2cc",0,0,0,"No foci",174.3146,7,"RawMeip26imagesforQuant.lif - meip26-12_C4.tif",7,312.6646,4866.403,15.5643,12,NA,"Meip26-12_C2_2cc","mp26","m_015_masked.tif",12,"none",NA,NA,NA,NA,NA
"Meip26-12_C3_2cc","RawMeip26imagesforQuant.lif - meip26-12_12_C3_C4_AllCysts.csv","m_015.tif","meiP26","2cc",0,0,0,"No foci",162.5827,9,"RawMeip26imagesforQuant.lif - meip26-12_C4.tif",9,282.2783,45.0713,0.1597,12,NA,"Meip26-12_C3_2cc","mp26","m_015_masked.tif",12,"none",NA,NA,NA,NA,NA
"Meip26-12_C4_4cc","RawMeip26imagesforQuant.lif - meip26-12_12_C3_C4_AllCysts.csv","m_015.tif","meiP26","4cc",0,0,0,"Foci",400.1636,10,"RawMeip26imagesforQuant.lif - meip26-12_C4.tif",10,359.6199,185.9927,0.5172,12,NA,"Meip26-12_C4_4cc","mp26","m_015_masked.tif",12,"none",NA,NA,NA,NA,NA
"Meip26-12_C5_2cc","RawMeip26imagesforQuant.lif - meip26-12_12_C3_C4_AllCysts.csv","m_015.tif","meiP26","2cc",0,0,0,"No foci",185.6559,13,"RawMeip26imagesforQuant.lif - meip26-12_C4.tif",13,351.7589,14.6435,0.0416,12,NA,"Meip26-12_C5_2cc","mp26","m_015_masked.tif",12,"none",NA,NA,NA,NA,NA
"Meip26-12_C6_4cc","RawMeip26imagesforQuant.lif - meip26-12_12_C3_C4_AllCysts.csv","m_015.tif","meiP26","4cc",0,0,0,"No foci",240.0371,15,"RawMeip26imagesforQuant.lif - meip26-12_C4.tif",15,503.2653,35369.2548,70.2795,12,NA,"Meip26-12_C6_4cc","mp26","m_015_masked.tif",12,"none",NA,NA,NA,NA,NA
"Meip26-12_C7_16cc","RawMeip26imagesforQuant.lif - meip26-12_12_C3_C4_AllCysts.csv","m_015.tif","meiP26","16cc",0,1,1,"Discontinuous",250.8438,21,"RawMeip26imagesforQuant.lif - meip26-12_C4.tif",21,1447.0321,30064.8843,20.7769,12,"2a","Meip26-12_C7_16cc","mp26","m_015_masked.tif",12,"discontinuous",21,25755,89.033,11049987,429.0424
"Meip26-12_C8_16cc","RawMeip26imagesforQuant.lif - meip26-12_12_C3_C4_AllCysts.csv","m_015.tif","meiP26","16cc",0,1,1,"Discontinuous",329.362,19,"RawMeip26imagesforQuant.lif - meip26-12_C4.tif",19,1215.0417,107488.3753,88.4648,12,"2a","Meip26-12_C8_16cc","mp26","m_015_masked.tif",12,"discontinuous",19,24307,84.0274,12278612,505.1472
"Meip26-12_C9_16cc","RawMeip26imagesforQuant.lif - meip26-12_12_C3_C4_AllCysts.csv","m_015.tif","meiP26","16cc",0,1,0,"Continuous, foci. Diffuse",265.3456,13,"RawMeip26imagesforQuant.lif - meip26-12_C4.tif",13,709.9269,187037.5713,263.4603,12,"2a","Meip26-12_C9_16cc","mp26","m_015_masked.tif",12,"discontinuous",13,16017,55.3695,4138599,258.3879
"Meip26-12_CB","RawMeip26imagesforQuant.lif - meip26-12_12_C3_C4_AllCysts.csv","m_015.tif","meiP26","CB",0,0,0,"No foci",210.4541,6,"RawMeip26imagesforQuant.lif - meip26-12_C4.tif",6,89.6794,2.7206,0.0303,12,NA,"Meip26-12_CB","mp26","m_015_masked.tif",12,"none",NA,NA,NA,NA,NA
"Meip26-12_GSC1","RawMeip26imagesforQuant.lif - meip26-12_12_C3_C4_AllCysts.csv","m_015.tif","meiP26","GSC",0,0,0,"No foci",199.8904,9,"RawMeip26imagesforQuant.lif - meip26-12_C4.tif",9,195.4231,9.0537,0.0463,12,NA,"Meip26-12_GSC1","mp26","m_015_masked.tif",12,"none",NA,NA,NA,NA,NA
"Meip26-12_GSC2","RawMeip26imagesforQuant.lif - meip26-12_12_C3_C4_AllCysts.csv","m_015.tif","meiP26","GSC",0,0,0,"No foci",199.0138,10,"RawMeip26imagesforQuant.lif - meip26-12_C4.tif",10,302.2005,22.1658,0.0733,12,NA,"Meip26-12_GSC2","mp26","m_015_masked.tif",12,"none",NA,NA,NA,NA,NA
"Meip26-13_C10_16cc","RawMeip26imagesforQuant.lif - meip26-13_13_C3_C4_AllCysts.csv","m_014.tif","meiP26","16cc",1,0,0,"Complete, foci",389.5512,19,"RawMeip26imagesforQuant.lif - meip26-13_C4.tif",19,1193.2392,275930.5397,231.245,13,"2a","Meip26-13_C10_16cc","mp26","m_014_masked.tif",13,"continuous",19,32310,111.9653,21020244,650.5801
"Meip26-13_C11_16cc","RawMeip26imagesforQuant.lif - meip26-13_13_C3_C4_AllCysts.csv","m_014.tif","meiP26","16cc",0,1,0,"Incomplete, foci",250.2933,15,"RawMeip26imagesforQuant.lif - meip26-13_C4.tif",15,1382.2841,304693.7144,220.4277,13,"2a","Meip26-13_C11_16cc","mp26","m_014_masked.tif",13,"discontinuous",15,5225,18.1064,1987674,380.4161
"Meip26-13_C12_16cc","RawMeip26imagesforQuant.lif - meip26-13_13_C3_C4_AllCysts.csv","m_014.tif","meiP26","16cc",0,0,1,"Foci",268.9427,13,"RawMeip26imagesforQuant.lif - meip26-13_C4.tif",13,1108.865,194299.1824,175.2235,13,"2a","Meip26-13_C12_16cc","mp26","m_014_masked.tif",13,"foci",13,1365,4.7302,364757,267.2212
"Meip26-13_C13_16cc","RawMeip26imagesforQuant.lif - meip26-13_13_C3_C4_AllCysts.csv","m_014.tif","meiP26","16cc",0,1,1,"Incomplete, foci",348.2583,15,"RawMeip26imagesforQuant.lif - meip26-13_C4.tif",15,1231.8292,25674.3302,20.8424,13,"2b","Meip26-13_C13_16cc","mp26","m_014_masked.tif",13,"discontinuous",15,4535,15.7153,1584427,349.3775
"Meip26-13_C1_2cc","RawMeip26imagesforQuant.lif - meip26-13_13_C3_C4_AllCysts.csv","m_014.tif","meiP26","2cc",0,0,0,"No foci",233.6651,20,"RawMeip26imagesforQuant.lif - meip26-13_C4.tif",20,284.2344,45.0841,0.1586,13,NA,"Meip26-13_C1_2cc","mp26","m_014_masked.tif",13,"none",NA,NA,NA,NA,NA
"Meip26-13_C2_2cc","RawMeip26imagesforQuant.lif - meip26-13_13_C3_C4_AllCysts.csv","m_014.tif","meiP26","2cc",0,0,0,"No foci",182.848,17,"RawMeip26imagesforQuant.lif - meip26-13_C4.tif",17,454.1922,5224.1756,11.5021,13,NA,"Meip26-13_C2_2cc","mp26","m_014_masked.tif",13,"none",NA,NA,NA,NA,NA
"Meip26-13_C3_2cc","RawMeip26imagesforQuant.lif - meip26-13_13_C3_C4_AllCysts.csv","m_014.tif","meiP26","2cc",0,0,0,"No foci",160.3473,11,"RawMeip26imagesforQuant.lif - meip26-13_C4.tif",11,273.1869,2445.1986,8.9506,13,NA,"Meip26-13_C3_2cc","mp26","m_014_masked.tif",13,"none",NA,NA,NA,NA,NA
"Meip26-13_C4_2cc","RawMeip26imagesforQuant.lif - meip26-13_13_C3_C4_AllCysts.csv","m_014.tif","meiP26","2cc",0,0,0,"No foci",188.1756,10,"RawMeip26imagesforQuant.lif - meip26-13_C4.tif",10,321.3933,57041.2915,177.4813,13,NA,"Meip26-13_C4_2cc","mp26","m_014_masked.tif",13,"none",NA,NA,NA,NA,NA
"Meip26-13_C5_4cc","RawMeip26imagesforQuant.lif - meip26-13_13_C3_C4_AllCysts.csv","m_014.tif","meiP26","4cc",0,0,1,"Foci",181.1077,16,"RawMeip26imagesforQuant.lif - meip26-13_C4.tif",16,630.0376,145942.1118,231.6403,13,NA,"Meip26-13_C5_4cc","mp26","m_014_masked.tif",13,"foci",NA,NA,NA,NA,NA
"Meip26-13_C6_4cc","RawMeip26imagesforQuant.lif - meip26-13_13_C3_C4_AllCysts.csv","m_014.tif","meiP26","4cc",0,0,0,"Foci",200.5038,20,"RawMeip26imagesforQuant.lif - meip26-13_C4.tif",20,394.1863,106911.3867,271.2204,13,NA,"Meip26-13_C6_4cc","mp26","m_014_masked.tif",13,"none",NA,NA,NA,NA,NA
"Meip26-13_C7_16cc","RawMeip26imagesforQuant.lif - meip26-13_13_C3_C4_AllCysts.csv","m_014.tif","meiP26","16cc",0,0,1,"Discontinouous, foci",272.3608,15,"RawMeip26imagesforQuant.lif - meip26-13_C4.tif",15,1071.6333,351350.6354,327.8646,13,"2a","Meip26-13_C7_16cc","mp26","m_014_masked.tif",13,"foci",15,13468,46.6713,8064629,598.7993
"Meip26-13_C8_16cc","RawMeip26imagesforQuant.lif - meip26-13_13_C3_C4_AllCysts.csv","m_014.tif","meiP26","16cc",0,1,1,"Complete, incomplete, foci, loaded",371.348,22,"RawMeip26imagesforQuant.lif - meip26-13_C4.tif",22,1866.8188,521928.3441,279.5817,13,"2a","Meip26-13_C8_16cc","mp26","m_014_masked.tif",13,"discontinuous",22,27118,93.9732,17270143,636.8516
"Meip26-13_C9_16cc","RawMeip26imagesforQuant.lif - meip26-13_13_C3_C4_AllCysts.csv","m_014.tif","meiP26","16cc",1,1,0,"Complete, incomplete, foci, loaded",465.1438,10,"RawMeip26imagesforQuant.lif - meip26-13_C4.tif",10,941.721,376161.0831,399.44,13,"2a","Meip26-13_C9_16cc","mp26","m_014_masked.tif",13,"continuous",10,35020,121.3563,28115894,802.8525
"Meip26-13_CB","RawMeip26imagesforQuant.lif - meip26-13_13_C3_C4_AllCysts.csv","m_014.tif","meiP26","CB",0,0,0,"No foci",344.0224,13,"RawMeip26imagesforQuant.lif - meip26-13_C4.tif",13,313.371,9316.0223,29.7284,13,NA,"Meip26-13_CB","mp26","m_014_masked.tif",13,"none",NA,NA,NA,NA,NA
"Meip26-13_GSC1","RawMeip26imagesforQuant.lif - meip26-13_13_C3_C4_AllCysts.csv","m_014.tif","meiP26","GSC",0,0,0,"No foci",152.0926,10,"RawMeip26imagesforQuant.lif - meip26-13_C4.tif",10,272.2755,1790.3491,6.5755,13,NA,"Meip26-13_GSC1","mp26","m_014_masked.tif",13,"none",NA,NA,NA,NA,NA
"Meip26-13_GSC2","RawMeip26imagesforQuant.lif - meip26-13_13_C3_C4_AllCysts.csv","m_014.tif","meiP26","GSC",0,0,0,"No foci",174.747,16,"RawMeip26imagesforQuant.lif - meip26-13_C4.tif",16,535.3194,6554.6874,12.2444,13,NA,"Meip26-13_GSC2","mp26","m_014_masked.tif",13,"none",NA,NA,NA,NA,NA
"Meip26-14_C10_16cc","RawMeip26imagesforQuant.lif - meip26-14_14_C3_C4_AllCysts.csv","m_013.tif","meiP26","16cc",0,1,1,"Discontinuous, loaded",213.1932,25,"RawMeip26imagesforQuant.lif - meip26-14_C4.tif",25,2079.3616,489690.6121,235.5005,14,"3","Meip26-14_C10_16cc","mp26","m_013_masked.tif",14,"discontinuous",25,17262,59.3123,3609167,209.0816
"Meip26-14_C1_2cc","RawMeip26imagesforQuant.lif - meip26-14_14_C3_C4_AllCysts.csv","m_013.tif","meiP26","2cc",0,0,0,"No foci",192.9474,11,"RawMeip26imagesforQuant.lif - meip26-14_C4.tif",11,241.9323,12.9846,0.0537,14,NA,"Meip26-14_C1_2cc","mp26","m_013_masked.tif",14,"none",NA,NA,NA,NA,NA
"Meip26-14_C2_8cc","RawMeip26imagesforQuant.lif - meip26-14_14_C3_C4_AllCysts.csv","m_013.tif","meiP26","8cc",0,0,0,"Foci",197.5148,9,"RawMeip26imagesforQuant.lif - meip26-14_C4.tif",9,394.8997,30.5151,0.0773,14,NA,"Meip26-14_C2_8cc","mp26","m_013_masked.tif",14,"none",NA,NA,NA,NA,NA
"Meip26-14_C3_8cc","RawMeip26imagesforQuant.lif - meip26-14_14_C3_C4_AllCysts.csv","m_013.tif","meiP26","8cc",0,0,0,"Foci",197.0074,10,"RawMeip26imagesforQuant.lif - meip26-14_C4.tif",10,359.959,89.7071,0.2492,14,NA,"Meip26-14_C3_8cc","mp26","m_013_masked.tif",14,"none",NA,NA,NA,NA,NA
"Meip26-14_C4_8cc","RawMeip26imagesforQuant.lif - meip26-14_14_C3_C4_AllCysts.csv","m_013.tif","meiP26","8cc",0,0,0,"Foci",145.1941,15,"RawMeip26imagesforQuant.lif - meip26-14_C4.tif",15,979.501,108.1825,0.1104,14,NA,"Meip26-14_C4_8cc","mp26","m_013_masked.tif",14,"none",NA,NA,NA,NA,NA
"Meip26-14_C5_8cc","RawMeip26imagesforQuant.lif - meip26-14_14_C3_C4_AllCysts.csv","m_013.tif","meiP26","8cc",0,0,1,"Foci",157.772,16,"RawMeip26imagesforQuant.lif - meip26-14_C4.tif",16,693.3026,394.6007,0.5692,14,NA,"Meip26-14_C5_8cc","mp26","m_013_masked.tif",14,"foci",NA,NA,NA,NA,NA
"Meip26-14_C6_8cc","RawMeip26imagesforQuant.lif - meip26-14_14_C3_C4_AllCysts.csv","m_013.tif","meiP26","8cc",0,0,1,"Foci",179.1245,14,"RawMeip26imagesforQuant.lif - meip26-14_C4.tif",14,686.4272,3066.7035,4.4676,14,NA,"Meip26-14_C6_8cc","mp26","m_013_masked.tif",14,"foci",NA,NA,NA,NA,NA
"Meip26-14_C7_16cc","RawMeip26imagesforQuant.lif - meip26-14_14_C3_C4_AllCysts.csv","m_013.tif","meiP26","16cc",0,1,1,"Continuous, discontinuous, blurry",174.3097,17,"RawMeip26imagesforQuant.lif - meip26-14_C4.tif",17,1362.9484,62822.6326,46.0932,14,"2b","Meip26-14_C7_16cc","mp26","m_013_masked.tif",14,"discontinuous",17,42261,145.2089,9052027,214.1934
"Meip26-14_C8_16cc","RawMeip26imagesforQuant.lif - meip26-14_14_C3_C4_AllCysts.csv","m_013.tif","meiP26","16cc",0,1,1,"Discontinuous, load",279.3029,26,"RawMeip26imagesforQuant.lif - meip26-14_C4.tif",26,1498.9832,411999.181,274.8524,14,"2b","Meip26-14_C8_16cc","mp26","m_013_masked.tif",14,"discontinuous",26,27000,92.772,11718251,434.0093
"Meip26-14_C9_16cc","RawMeip26imagesforQuant.lif - meip26-14_14_C3_C4_AllCysts.csv","m_013.tif","meiP26","16cc",0,1,1,"Discontinuous, foci",215.9631,30,"RawMeip26imagesforQuant.lif - meip26-14_C4.tif",30,2086.1031,623078.7074,298.6807,14,"2b","Meip26-14_C9_16cc","mp26","m_013_masked.tif",14,"discontinuous",30,16456,56.5428,3391758,206.1107
"Meip26-14_CB","RawMeip26imagesforQuant.lif - meip26-14_14_C3_C4_AllCysts.csv","m_013.tif","meiP26","CB",0,0,0,"No foci",251.3654,8,"RawMeip26imagesforQuant.lif - meip26-14_C4.tif",8,165.7458,5.879,0.0355,14,NA,"Meip26-14_CB","mp26","m_013_masked.tif",14,"none",NA,NA,NA,NA,NA
"Meip26-14_GSC1","RawMeip26imagesforQuant.lif - meip26-14_14_C3_C4_AllCysts.csv","m_013.tif","meiP26","GSC",0,0,0,"No foci",159.2877,16,"RawMeip26imagesforQuant.lif - meip26-14_C4.tif",16,358.2238,13.074,0.0365,14,NA,"Meip26-14_GSC1","mp26","m_013_masked.tif",14,"none",NA,NA,NA,NA,NA
"Meip26-14_GSC2","RawMeip26imagesforQuant.lif - meip26-14_14_C3_C4_AllCysts.csv","m_013.tif","meiP26","GSC",0,0,0,"No foci",178.8368,11,"RawMeip26imagesforQuant.lif - meip26-14_C4.tif",11,362.1065,12.0432,0.0333,14,NA,"Meip26-14_GSC2","mp26","m_013_masked.tif",14,"none",NA,NA,NA,NA,NA
"Meip26-14_GSC3","RawMeip26imagesforQuant.lif - meip26-14_14_C3_C4_AllCysts.csv","m_013.tif","meiP26","GSC",0,0,0,"No foci",142.4523,10,"RawMeip26imagesforQuant.lif - meip26-14_C4.tif",10,311.0715,9.9747,0.0321,14,NA,"Meip26-14_GSC3","mp26","m_013_masked.tif",14,"none",NA,NA,NA,NA,NA
"Meip26-14_GSC4","RawMeip26imagesforQuant.lif - meip26-14_14_C3_C4_AllCysts.csv","m_013.tif","meiP26","GSC",0,0,0,"No foci",141.5279,11,"RawMeip26imagesforQuant.lif - meip26-14_C4.tif",11,221.1479,7.085,0.032,14,NA,"Meip26-14_GSC4","mp26","m_013_masked.tif",14,"none",NA,NA,NA,NA,NA
"Meip26-15_C10_16cc","RawMeip26imagesforQuant.lif - meip26-15_15_C3_C4_AllCysts.csv","m_012.tif","meiP26","16cc",0,1,1,"Discontinous, loaded (Looks like a bunch of dots in shape of SC)",212.7106,23,"RawMeip26imagesforQuant.lif - meip26-15_C4.tif",23,1723.5777,400267.3816,232.2305,15,"2b","Meip26-15_C10_16cc","mp26","m_012_masked.tif",15,"discontinuous",23,26538,91.0732,7062954,266.1449
"Meip26-15_C11_16cc","RawMeip26imagesforQuant.lif - meip26-15_15_C3_C4_AllCysts.csv","m_012.tif","meiP26","16cc",0,1,1,"Continuous, diffuse",289.5616,27,"RawMeip26imagesforQuant.lif - meip26-15_C4.tif",27,3178.5312,628554.6873,197.75,15,"3","Meip26-15_C11_16cc","mp26","m_012_masked.tif",15,"discontinuous",27,61269,210.2631,16789499,274.0293
"Meip26-15_C12_16cc","RawMeip26imagesforQuant.lif - meip26-15_15_C3_C4_AllCysts.csv","m_012.tif","meiP26","16cc",0,1,1,"Discontinous, loaded (Looks like a bunch of dots in shape of SC)",236.5101,18,"RawMeip26imagesforQuant.lif - meip26-15_C4.tif",18,1219.1887,31628.0188,25.9419,15,"2a","Meip26-15_C12_16cc","mp26","m_012_masked.tif",15,"discontinuous",18,24984,85.7401,10775015,431.2766
"Meip26-15_C1_2cc","RawMeip26imagesforQuant.lif - meip26-15_15_C3_C4_AllCysts.csv","m_012.tif","meiP26","2cc",0,0,0,"No foci",167.0257,16,"RawMeip26imagesforQuant.lif - meip26-15_C4.tif",16,370.8336,14.0086,0.0378,15,NA,"Meip26-15_C1_2cc","mp26","m_012_masked.tif",15,"none",NA,NA,NA,NA,NA
"Meip26-15_C2_2cc","RawMeip26imagesforQuant.lif - meip26-15_15_C3_C4_AllCysts.csv","m_012.tif","meiP26","2cc",0,0,0,"No foci",142.6428,10,"RawMeip26imagesforQuant.lif - meip26-15_C4.tif",10,237.1924,7.9,0.0333,15,NA,"Meip26-15_C2_2cc","mp26","m_012_masked.tif",15,"none",NA,NA,NA,NA,NA
"Meip26-15_C3_4cc","RawMeip26imagesforQuant.lif - meip26-15_15_C3_C4_AllCysts.csv","m_012.tif","meiP26","4cc",0,0,0,"No foci",151.1027,16,"RawMeip26imagesforQuant.lif - meip26-15_C4.tif",16,603.5441,19.6471,0.0326,15,NA,"Meip26-15_C3_4cc","mp26","m_012_masked.tif",15,"none",NA,NA,NA,NA,NA
"Meip26-15_C4_4cc","RawMeip26imagesforQuant.lif - meip26-15_15_C3_C4_AllCysts.csv","m_012.tif","meiP26","4cc",0,0,0,"No foci",175.7944,15,"RawMeip26imagesforQuant.lif - meip26-15_C4.tif",15,483.8943,35.3064,0.073,15,NA,"Meip26-15_C4_4cc","mp26","m_012_masked.tif",15,"none",NA,NA,NA,NA,NA
"Meip26-15_C5_4cc","RawMeip26imagesforQuant.lif - meip26-15_15_C3_C4_AllCysts.csv","m_012.tif","meiP26","4cc",0,0,0,"No foci",141.9527,11,"RawMeip26imagesforQuant.lif - meip26-15_C4.tif",11,455.8874,26.5038,0.0581,15,NA,"Meip26-15_C5_4cc","mp26","m_012_masked.tif",15,"none",NA,NA,NA,NA,NA
"Meip26-15_C6_16cc","RawMeip26imagesforQuant.lif - meip26-15_15_C3_C4_AllCysts.csv","m_012.tif","meiP26","16cc",0,0,0,"No foci",322.2823,17,"RawMeip26imagesforQuant.lif - meip26-15_C4.tif",17,1069.1709,113.9598,0.1066,15,"2a","Meip26-15_C6_16cc","mp26","m_012_masked.tif",15,"none",17,24152,82.8849,13040023,539.9148
"Meip26-15_C7_8cc","RawMeip26imagesforQuant.lif - meip26-15_15_C3_C4_AllCysts.csv","m_012.tif","meiP26","8cc",0,0,0,"No foci",172.4518,16,"RawMeip26imagesforQuant.lif - meip26-15_C4.tif",16,756.8735,95.0506,0.1256,15,NA,"Meip26-15_C7_8cc","mp26","m_012_masked.tif",15,"none",NA,NA,NA,NA,NA
"Meip26-15_C8_16cc","RawMeip26imagesforQuant.lif - meip26-15_15_C3_C4_AllCysts.csv","m_012.tif","meiP26","16cc",0,1,1,"Continuous, discontinuous, foci",303.8224,22,"RawMeip26imagesforQuant.lif - meip26-15_C4.tif",22,1222.1092,23377.0892,19.1285,15,"2a","Meip26-15_C8_16cc","mp26","m_012_masked.tif",15,"discontinuous",22,43719,150.0349,22664732,518.4184
"Meip26-15_C9_16cc","RawMeip26imagesforQuant.lif - meip26-15_15_C3_C4_AllCysts.csv","m_012.tif","meiP26","16cc",0,1,0,"Continuous, diffuse",191.011,15,"RawMeip26imagesforQuant.lif - meip26-15_C4.tif",15,1313.6147,289596.9077,220.458,15,"2b","Meip26-15_C9_16cc","mp26","m_012_masked.tif",15,"discontinuous",15,34358,117.9098,13117686,381.7942
"Meip26-15_CB","RawMeip26imagesforQuant.lif - meip26-15_15_C3_C4_AllCysts.csv","m_012.tif","meiP26","CB",0,0,0,"No foci",131.2899,12,"RawMeip26imagesforQuant.lif - meip26-15_C4.tif",12,221.413,6.8499,0.0309,15,NA,"Meip26-15_CB","mp26","m_012_masked.tif",15,"none",NA,NA,NA,NA,NA
"Meip26-15_GSC1","RawMeip26imagesforQuant.lif - meip26-15_15_C3_C4_AllCysts.csv","m_012.tif","meiP26","GSC",0,0,0,"No foci",156.2431,9,"RawMeip26imagesforQuant.lif - meip26-15_C4.tif",9,290.629,7.8863,0.0271,15,NA,"Meip26-15_GSC1","mp26","m_012_masked.tif",15,"none",NA,NA,NA,NA,NA
"Meip26-15_GSC2","RawMeip26imagesforQuant.lif - meip26-15_15_C3_C4_AllCysts.csv","m_012.tif","meiP26","GSC",0,0,1,"Foci",138.6437,10,"RawMeip26imagesforQuant.lif - meip26-15_C4.tif",10,250.5524,6.9082,0.0276,15,NA,"Meip26-15_GSC2","mp26","m_012_masked.tif",15,"foci",NA,NA,NA,NA,NA
"Meip26-15_GSC3","RawMeip26imagesforQuant.lif - meip26-15_15_C3_C4_AllCysts.csv","m_012.tif","meiP26","GSC",0,0,0,"No foci",161.9978,11,"RawMeip26imagesforQuant.lif - meip26-15_C4.tif",11,215.9495,6.6886,0.031,15,NA,"Meip26-15_GSC3","mp26","m_012_masked.tif",15,"none",NA,NA,NA,NA,NA
"Meip26-16_C1_4cc","RawMeip26imagesforQuant.lif - meip26-16_16_C3_C4_AllCysts.csv","m_011.tif","meiP26","4cc",0,0,0,"No foci",107.4391,22,"RawMeip26imagesforQuant.lif - meip26-16_C4.tif",22,561.682,38455.1652,68.4643,16,NA,"Meip26-16_C1_4cc","mp26","m_011_masked.tif",16,"none",NA,NA,NA,NA,NA
"Meip26-16_C2_4cc","RawMeip26imagesforQuant.lif - meip26-16_16_C3_C4_AllCysts.csv","m_011.tif","meiP26","4cc",0,0,1,"Foci",182.0832,15,"RawMeip26imagesforQuant.lif - meip26-16_C4.tif",15,572.6488,69362.3868,121.1255,16,NA,"Meip26-16_C2_4cc","mp26","m_011_masked.tif",16,"foci",NA,NA,NA,NA,NA
"Meip26-16_C3_8cc","RawMeip26imagesforQuant.lif - meip26-16_16_C3_C4_AllCysts.csv","m_011.tif","meiP26","8cc",0,1,1,"No foci",199.9022,13,"RawMeip26imagesforQuant.lif - meip26-16_C4.tif",13,774.9412,113244.2373,146.1327,16,NA,"Meip26-16_C3_8cc","mp26","m_011_masked.tif",16,"discontinuous",NA,NA,NA,NA,NA
"Meip26-16_C4_8cc","RawMeip26imagesforQuant.lif - meip26-16_16_C3_C4_AllCysts.csv","m_011.tif","meiP26","8cc",0,0,1,"No foci",179.2367,3,"RawMeip26imagesforQuant.lif - meip26-16_C4.tif",3,174.7553,16167.4436,92.5148,16,NA,"Meip26-16_C4_8cc","mp26","m_011_masked.tif",16,"foci",NA,NA,NA,NA,NA
"Meip26-16_C5_16cc","RawMeip26imagesforQuant.lif - meip26-16_16_C3_C4_AllCysts.csv","m_011.tif","meiP26","16cc",0,1,1,"Continuous, diffuse",147.7475,19,"RawMeip26imagesforQuant.lif - meip26-16_C4.tif",19,1108.2418,68548.1078,61.853,16,"2a","Meip26-16_C5_16cc","mp26","m_011_masked.tif",16,"discontinuous",19,50772,174.22,8702360,171.4008
"Meip26-16_C6_16cc","RawMeip26imagesforQuant.lif - meip26-16_16_C3_C4_AllCysts.csv","m_011.tif","meiP26","16cc",0,1,1,"Continuous, discontinuous, diffuse",157.3012,22,"RawMeip26imagesforQuant.lif - meip26-16_C4.tif",22,1378.5175,122157.1992,88.6149,16,"2a","Meip26-16_C6_16cc","mp26","m_011_masked.tif",16,"discontinuous",22,63530,217.998,11035108,173.6992
"Meip26-16_C7_16cc","RawMeip26imagesforQuant.lif - meip26-16_16_C3_C4_AllCysts.csv","m_011.tif","meiP26","16cc",0,1,1,"Discontinuous, loaded",215.3673,22,"RawMeip26imagesforQuant.lif - meip26-16_C4.tif",22,1750.9259,214644.9305,122.5894,16,"2a","Meip26-16_C7_16cc","mp26","m_011_masked.tif",16,"discontinuous",22,33649,115.4638,8338260,247.8011
"Meip26-16_C8_16cc","RawMeip26imagesforQuant.lif - meip26-16_16_C3_C4_AllCysts.csv","m_011.tif","meiP26","16cc",0,1,1,"Continuous, diffuse",183.6135,25,"RawMeip26imagesforQuant.lif - meip26-16_C4.tif",25,2064.0153,94448.0286,45.7594,16,"2b","Meip26-16_C8_16cc","mp26","m_011_masked.tif",16,"discontinuous",25,20938,71.847,4525163,216.122
"Meip26-16_C9_16cc","RawMeip26imagesforQuant.lif - meip26-16_16_C3_C4_AllCysts.csv","m_011.tif","meiP26","16cc",0,1,1,"Discontinuous, loaded",207.3519,24,"RawMeip26imagesforQuant.lif - meip26-16_C4.tif",24,3160.8442,229636.3207,72.6503,16,"2b","Meip26-16_C9_16cc","mp26","m_011_masked.tif",16,"discontinuous",24,17363,59.5797,4017209,231.3661
"Meip26-16_CB","RawMeip26imagesforQuant.lif - meip26-16_16_C3_C4_AllCysts.csv","m_011.tif","meiP26","CB",0,0,0,"No foci",181.7992,12,"RawMeip26imagesforQuant.lif - meip26-16_C4.tif",12,272.1012,20811.4773,76.4843,16,NA,"Meip26-16_CB","mp26","m_011_masked.tif",16,"none",NA,NA,NA,NA,NA
"Meip26-16_GSC1","RawMeip26imagesforQuant.lif - meip26-16_16_C3_C4_AllCysts.csv","m_011.tif","meiP26","GSC",0,0,0,"No foci",123.1865,8,"RawMeip26imagesforQuant.lif - meip26-16_C4.tif",8,366.6745,28712.0403,78.3039,16,NA,"Meip26-16_GSC1","mp26","m_011_masked.tif",16,"none",NA,NA,NA,NA,NA
"Meip26-16_GSC2","RawMeip26imagesforQuant.lif - meip26-16_16_C3_C4_AllCysts.csv","m_011.tif","meiP26","GSC",0,0,0,"No foci",110.4586,3,"RawMeip26imagesforQuant.lif - meip26-16_C4.tif",3,128.5135,7778.4251,60.5261,16,NA,"Meip26-16_GSC2","mp26","m_011_masked.tif",16,"none",NA,NA,NA,NA,NA
"Meip26-18_C10_16cc","RawMeip26imagesforQuant.lif - meip26-18_18_C3_C4_AllCysts.csv","m_009.tif","meiP26","16cc",0,1,0,"Foci",194.8174,16,"RawMeip26imagesforQuant.lif - meip26-18_C4.tif",16,1339.4446,422436.4886,315.3818,18,"2b","Meip26-18_C10_16cc","mp26","m_009_masked.tif",18,"discontinuous",16,35690,123.1143,9806699,274.7744
"Meip26-18_C11_16cc","RawMeip26imagesforQuant.lif - meip26-18_18_C3_C4_AllCysts.csv","m_009.tif","meiP26","16cc",1,1,0,"Complete, incomplete, foci. Loaded but blurry",226.4869,17,"RawMeip26imagesforQuant.lif - meip26-18_C4.tif",17,1245.817,348639.917,279.8484,18,"2b","Meip26-18_C11_16cc","mp26","m_009_masked.tif",18,"continuous",17,28024,96.6701,8347024,297.8527
"Meip26-18_C12_16cc","RawMeip26imagesforQuant.lif - meip26-18_18_C3_C4_AllCysts.csv","m_009.tif","meiP26","16cc",0,1,1,"Complete, incomplete, foci. Loaded but blurry",199.1234,28,"RawMeip26imagesforQuant.lif - meip26-18_C4.tif",28,1307.9433,340580.3514,260.3938,18,"3","Meip26-18_C12_16cc","mp26","m_009_masked.tif",18,"discontinuous",28,10668,36.7997,2984871,279.7967
"Meip26-18_C13_16cc","RawMeip26imagesforQuant.lif - meip26-18_18_C3_C4_AllCysts.csv","m_009.tif","meiP26","16cc",0,1,0,"Foci",335.5726,18,"RawMeip26imagesforQuant.lif - meip26-18_C4.tif",18,1157.1189,488566.891,422.2271,18,"2a","Meip26-18_C13_16cc","mp26","m_009_masked.tif",18,"discontinuous",18,45497,156.944,33234607,730.4791
"Meip26-18_C1_2cc","RawMeip26imagesforQuant.lif - meip26-18_18_C3_C4_AllCysts.csv","m_009.tif","meiP26","2cc",0,0,0,"No foci",183.1709,10,"RawMeip26imagesforQuant.lif - meip26-18_C4.tif",10,281.8416,73853.9409,262.0406,18,NA,"Meip26-18_C1_2cc","mp26","m_009_masked.tif",18,"none",NA,NA,NA,NA,NA
"Meip26-18_C2_2cc","RawMeip26imagesforQuant.lif - meip26-18_18_C3_C4_AllCysts.csv","m_009.tif","meiP26","2cc",0,0,0,"No foci",165.9401,22,"RawMeip26imagesforQuant.lif - meip26-18_C4.tif",22,464.3364,103634.637,223.1887,18,NA,"Meip26-18_C2_2cc","mp26","m_009_masked.tif",18,"none",NA,NA,NA,NA,NA
"Meip26-18_C3_8cc","RawMeip26imagesforQuant.lif - meip26-18_18_C3_C4_AllCysts.csv","m_009.tif","meiP26","8cc",0,0,0,"No foci",217.1298,15,"RawMeip26imagesforQuant.lif - meip26-18_C4.tif",15,881.683,204893.1203,232.3886,18,NA,"Meip26-18_C3_8cc","mp26","m_009_masked.tif",18,"none",NA,NA,NA,NA,NA
"Meip26-18_C4_16cc","RawMeip26imagesforQuant.lif - meip26-18_18_C3_C4_AllCysts.csv","m_009.tif","meiP26","16cc",0,1,0,"No foci",232.821,10,"RawMeip26imagesforQuant.lif - meip26-18_C4.tif",10,500.8188,177688.2272,354.7955,18,"2a","Meip26-18_C4_16cc","mp26","m_009_masked.tif",18,"discontinuous",10,8263,28.5036,2214964,268.0581
"Meip26-18_C5_4cc","RawMeip26imagesforQuant.lif - meip26-18_18_C3_C4_AllCysts.csv","m_009.tif","meiP26","4cc",0,0,1,"Foci",200.9618,10,"RawMeip26imagesforQuant.lif - meip26-18_C4.tif",10,398.5432,111433.3825,279.6018,18,NA,"Meip26-18_C5_4cc","mp26","m_009_masked.tif",18,"foci",NA,NA,NA,NA,NA
"Meip26-18_C7_16cc","RawMeip26imagesforQuant.lif - meip26-18_18_C3_C4_AllCysts.csv","m_009.tif","meiP26","16cc",0,1,1,"Complete SC, foci, loaded but blurry",232.6344,12,"RawMeip26imagesforQuant.lif - meip26-18_C4.tif",12,844.8281,290067.4715,343.345,18,"2a","Meip26-18_C7_16cc","mp26","m_009_masked.tif",18,"discontinuous",12,13098,45.1821,5425292,414.2077
"Meip26-18_C8_16cc","RawMeip26imagesforQuant.lif - meip26-18_18_C3_C4_AllCysts.csv","m_009.tif","meiP26","16cc",1,1,0,"Incomplete, foci, diffuse (Partially loaded?)",243.1027,20,"RawMeip26imagesforQuant.lif - meip26-18_C4.tif",20,980.4608,409134.1938,417.2877,18,"2a","Meip26-18_C8_16cc","mp26","m_009_masked.tif",18,"continuous",20,34210,118.0089,10690646,312.5006
"Meip26-18_C9_16cc","RawMeip26imagesforQuant.lif - meip26-18_18_C3_C4_AllCysts.csv","m_009.tif","meiP26","16cc",0,0,1,"Complete, foci, loaded",261.8065,15,"RawMeip26imagesforQuant.lif - meip26-18_C4.tif",15,526.404,168667.0043,320.4136,18,"2a","Meip26-18_C9_16cc","mp26","m_009_masked.tif",18,"foci",15,5501,18.9759,1443982,262.4945
"Meip26-18_GSC1","RawMeip26imagesforQuant.lif - meip26-18_18_C3_C4_AllCysts.csv","m_009.tif","meiP26","GSC",0,0,1,"No foci",199.0906,13,"RawMeip26imagesforQuant.lif - meip26-18_C4.tif",13,382.9478,97788.5617,255.3574,18,NA,"Meip26-18_GSC1","mp26","m_009_masked.tif",18,"foci",NA,NA,NA,NA,NA
"Meip26-18_GSC2","RawMeip26imagesforQuant.lif - meip26-18_18_C3_C4_AllCysts.csv","m_009.tif","meiP26","GSC",0,0,0,"No foci",149.4712,12,"RawMeip26imagesforQuant.lif - meip26-18_C4.tif",12,353.8336,76754.0322,216.9212,18,NA,"Meip26-18_GSC2","mp26","m_009_masked.tif",18,"none",NA,NA,NA,NA,NA
"Meip26-18_GSC3","RawMeip26imagesforQuant.lif - meip26-18_18_C3_C4_AllCysts.csv","m_009.tif","meiP26","GSC",0,0,0,"No foci",140.03,15,"RawMeip26imagesforQuant.lif - meip26-18_C4.tif",15,547.8395,105751.9885,193.0346,18,NA,"Meip26-18_GSC3","mp26","m_009_masked.tif",18,"none",NA,NA,NA,NA,NA
"Meip26-19_C1_16cc","RawMeip26imagesforQuant.lif - meip26-19_19_C3_C4_AllCysts.csv","m_008.tif","meiP26","16cc",0,1,1,"Foci",194.0306,19,"RawMeip26imagesforQuant.lif - meip26-19_C4.tif",19,1322.7011,1337.4766,1.0112,19,"2a","Meip26-19_C1_16cc","mp26","m_008_masked.tif",19,"discontinuous",19,20695,70.7984,4560041,220.3451
"Meip26-19_C2_8cc","RawMeip26imagesforQuant.lif - meip26-19_19_C3_C4_AllCysts.csv","m_008.tif","meiP26","8cc",0,0,0,"No foci",187.9014,12,"RawMeip26imagesforQuant.lif - meip26-19_C4.tif",12,443.083,610.8885,1.3787,19,NA,"Meip26-19_C2_8cc","mp26","m_008_masked.tif",19,"none",NA,NA,NA,NA,NA
"Meip26-19_C3_16cc","RawMeip26imagesforQuant.lif - meip26-19_19_C3_C4_AllCysts.csv","m_008.tif","meiP26","16cc",0,0,1,"Foci",159.2876,19,"RawMeip26imagesforQuant.lif - meip26-19_C4.tif",19,948.0937,901.7385,0.9511,19,"2a","Meip26-19_C3_16cc","mp26","m_008_masked.tif",19,"foci",19,19289,65.9885,3087241,160.0519
"Meip26-19_C4_16cc","RawMeip26imagesforQuant.lif - meip26-19_19_C3_C4_AllCysts.csv","m_008.tif","meiP26","16cc",0,0,1,"Foci",174.4211,17,"RawMeip26imagesforQuant.lif - meip26-19_C4.tif",17,705.3024,68.7082,0.0974,19,"2a","Meip26-19_C4_16cc","mp26","m_008_masked.tif",19,"foci",17,6152,21.0462,1203847,195.6838
"Meip26-19_C5_16cc","RawMeip26imagesforQuant.lif - meip26-19_19_C3_C4_AllCysts.csv","m_008.tif","meiP26","16cc",0,1,0,"Foci",209.7119,21,"RawMeip26imagesforQuant.lif - meip26-19_C4.tif",21,1288.7096,102.1797,0.0793,19,"2b","Meip26-19_C5_16cc","mp26","m_008_masked.tif",19,"discontinuous",21,14674,50.2004,5781946,394.0266
"Meip26-19_C6_16cc","RawMeip26imagesforQuant.lif - meip26-19_19_C3_C4_AllCysts.csv","m_008.tif","meiP26","16cc",0,1,0,"Discontinuous, loaded",194.1725,17,"RawMeip26imagesforQuant.lif - meip26-19_C4.tif",17,1417.1902,127.8238,0.0902,19,"2a","Meip26-19_C6_16cc","mp26","m_008_masked.tif",19,"discontinuous",17,32025,109.5588,9644039,301.141
"Meip26-19_GSC1","RawMeip26imagesforQuant.lif - meip26-19_19_C3_C4_AllCysts.csv","m_008.tif","meiP26","GSC",0,0,0,"No foci",154.2306,18,"RawMeip26imagesforQuant.lif - meip26-19_C4.tif",18,437.1748,54296.596,124.1988,19,NA,"Meip26-19_GSC1","mp26","m_008_masked.tif",19,"none",NA,NA,NA,NA,NA
"Meip26-19_GSC2","RawMeip26imagesforQuant.lif - meip26-19_19_C3_C4_AllCysts.csv","m_008.tif","meiP26","GSC",0,0,0,"No foci",134.7697,9,"RawMeip26imagesforQuant.lif - meip26-19_C4.tif",9,224.4887,23464.9485,104.5262,19,NA,"Meip26-19_GSC2","mp26","m_008_masked.tif",19,"none",NA,NA,NA,NA,NA
"Meip26-19_GSC3","RawMeip26imagesforQuant.lif - meip26-19_19_C3_C4_AllCysts.csv","m_008.tif","meiP26","GSC",0,0,0,"No foci",157.8718,16,"RawMeip26imagesforQuant.lif - meip26-19_C4.tif",16,387.2892,61176.0977,157.9597,19,NA,"Meip26-19_GSC3","mp26","m_008_masked.tif",19,"none",NA,NA,NA,NA,NA
"Meip26-22_C10_16cc","RawMeip26imagesforQuant.lif - meip26-22_22_C3_C4_AllCysts.csv","m_005.tif","meiP26","16cc",0,1,1,"Incomplete, foci, loaded",194.9998,29,"RawMeip26imagesforQuant.lif - meip26-22_C4.tif",29,1811.497,334858.737,184.8519,22,"2b","Meip26-22_C10_16cc","mp26","m_005_masked.tif",22,"discontinuous",29,11485,39.462,4166865,362.8093
"Meip26-22_C11_16cc","RawMeip26imagesforQuant.lif - meip26-22_22_C3_C4_AllCysts.csv","m_005.tif","meiP26","16cc",0,1,1,"Incomplete, foci, diffuse",208.1417,29,"RawMeip26imagesforQuant.lif - meip26-22_C4.tif",29,1093.8862,194403.2195,177.7179,22,"2a","Meip26-22_C11_16cc","mp26","m_005_masked.tif",22,"discontinuous",29,4921,16.9084,1605438,326.2422
"Meip26-22_C13_16cc","RawMeip26imagesforQuant.lif - meip26-22_22_C3_C4_AllCysts.csv","m_005.tif","meiP26","16cc",0,1,0,"Complete, foci, diffuse",269.6181,26,"RawMeip26imagesforQuant.lif - meip26-22_C4.tif",26,1465.1453,278964.2024,190.4004,22,"2b","Meip26-22_C13_16cc","mp26","m_005_masked.tif",22,"discontinuous",26,12541,43.0904,2402087,191.5387
"Meip26-22_C1_4cc","RawMeip26imagesforQuant.lif - meip26-22_22_C3_C4_AllCysts.csv","m_005.tif","meiP26","4cc",0,0,0,"No foci",131.7102,10,"RawMeip26imagesforQuant.lif - meip26-22_C4.tif",10,266.3969,40690.5899,152.7442,22,NA,"Meip26-22_C1_4cc","mp26","m_005_masked.tif",22,"none",NA,NA,NA,NA,NA
"Meip26-22_C2_2cc","RawMeip26imagesforQuant.lif - meip26-22_22_C3_C4_AllCysts.csv","m_005.tif","meiP26","2cc",0,0,1,"No foci",145.1012,19,"RawMeip26imagesforQuant.lif - meip26-22_C4.tif",19,298.7259,52600.6713,176.0834,22,NA,"Meip26-22_C2_2cc","mp26","m_005_masked.tif",22,"foci",NA,NA,NA,NA,NA
"Meip26-22_C3_8cc","RawMeip26imagesforQuant.lif - meip26-22_22_C3_C4_AllCysts.csv","m_005.tif","meiP26","8cc",0,0,0,"Foci",165.5978,3,"RawMeip26imagesforQuant.lif - meip26-22_C4.tif",3,116.0874,29636.3788,255.2937,22,NA,"Meip26-22_C3_8cc","mp26","m_005_masked.tif",22,"none",NA,NA,NA,NA,NA
"Meip26-22_C4_8cc","RawMeip26imagesforQuant.lif - meip26-22_22_C3_C4_AllCysts.csv","m_005.tif","meiP26","8cc",0,0,1,"Complete SC, foci. Diffuse",141.4372,18,"RawMeip26imagesforQuant.lif - meip26-22_C4.tif",18,633.385,121277.1247,191.4746,22,NA,"Meip26-22_C4_8cc","mp26","m_005_masked.tif",22,"foci",NA,NA,NA,NA,NA
"Meip26-22_C5_16cc","RawMeip26imagesforQuant.lif - meip26-22_22_C3_C4_AllCysts.csv","m_005.tif","meiP26","16cc",0,1,1,"Complete,foci, loaded",145.061,18,"RawMeip26imagesforQuant.lif - meip26-22_C4.tif",18,1123.1194,271965.0917,242.1515,22,"2a","Meip26-22_C5_16cc","mp26","m_005_masked.tif",22,"discontinuous",18,11596,39.8434,1816322,156.6335
"Meip26-22_C6_16cc","RawMeip26imagesforQuant.lif - meip26-22_22_C3_C4_AllCysts.csv","m_005.tif","meiP26","16cc",0,1,1,"Complete, incomplete, foci. Diffuse (Partially loaded?)",187.8412,17,"RawMeip26imagesforQuant.lif - meip26-22_C4.tif",17,1012.2135,189456.6763,187.1707,22,"2a","Meip26-22_C6_16cc","mp26","m_005_masked.tif",22,"discontinuous",17,10205,35.064,4118732,403.5994
"Meip26-22_C7_16cc","RawMeip26imagesforQuant.lif - meip26-22_22_C3_C4_AllCysts.csv","m_005.tif","meiP26","16cc",1,1,1,"Complete, incomplete, foci, loaded",194.9636,10,"RawMeip26imagesforQuant.lif - meip26-22_C4.tif",10,637.1165,210483.4167,330.3688,22,"2a","Meip26-22_C7_16cc","mp26","m_005_masked.tif",22,"continuous",10,22240,76.4158,9182324,412.8743
"Meip26-22_C8_16cc","RawMeip26imagesforQuant.lif - meip26-22_22_C3_C4_AllCysts.csv","m_005.tif","meiP26","16cc",0,1,1,"Complete, foci, loaded",249.357,12,"RawMeip26imagesforQuant.lif - meip26-22_C4.tif",12,765.8344,195640.4781,255.4605,22,"2a","Meip26-22_C8_16cc","mp26","m_005_masked.tif",22,"discontinuous",12,23705,81.4495,14580397,615.0769
"Meip26-22_C9_16cc","RawMeip26imagesforQuant.lif - meip26-22_22_C3_C4_AllCysts.csv","m_005.tif","meiP26","16cc",1,0,1,"Complete, foci, loaded",221.5844,13,"RawMeip26imagesforQuant.lif - meip26-22_C4.tif",13,735.2544,170159.4404,231.4293,22,"2a","Meip26-22_C9_16cc","mp26","m_005_masked.tif",22,"continuous",13,18646,64.0669,10729428,575.4279
"Meip26-22_CB","RawMeip26imagesforQuant.lif - meip26-22_22_C3_C4_AllCysts.csv","m_005.tif","meiP26","CB",0,0,0,"No foci",175.3248,11,"RawMeip26imagesforQuant.lif - meip26-22_C4.tif",11,175.7735,35202.5564,200.2723,22,NA,"Meip26-22_CB","mp26","m_005_masked.tif",22,"none",NA,NA,NA,NA,NA
"Meip26-22_GSC1","RawMeip26imagesforQuant.lif - meip26-22_22_C3_C4_AllCysts.csv","m_005.tif","meiP26","GSC",0,0,0,"No foci",136.5582,9,"RawMeip26imagesforQuant.lif - meip26-22_C4.tif",9,290.562,43487.2696,149.666,22,NA,"Meip26-22_GSC1","mp26","m_005_masked.tif",22,"none",NA,NA,NA,NA,NA
"Meip26-22_GSC2","RawMeip26imagesforQuant.lif - meip26-22_22_C3_C4_AllCysts.csv","m_005.tif","meiP26","GSC",0,0,0,"No foci",152.6034,7,"RawMeip26imagesforQuant.lif - meip26-22_C4.tif",7,214.1463,35525.0179,165.8914,22,NA,"Meip26-22_GSC2","mp26","m_005_masked.tif",22,"none",NA,NA,NA,NA,NA
"Meip26-22_GSC3","RawMeip26imagesforQuant.lif - meip26-22_22_C3_C4_AllCysts.csv","m_005.tif","meiP26","GSC",0,0,0,"No foci",140.864,8,"RawMeip26imagesforQuant.lif - meip26-22_C4.tif",8,175.3371,30715.4389,175.1794,22,NA,"Meip26-22_GSC3","mp26","m_005_masked.tif",22,"none",NA,NA,NA,NA,NA
"Meip26-23_C10_16cc","RawMeip26imagesforQuant.lif - meip26-23_23_C3_C4_AllCysts.csv","m_004.tif","meiP26","16cc",0,1,0,"Incomplete, foci, loaded",167.8452,22,"RawMeip26imagesforQuant.lif - meip26-23_C4.tif",22,1370.2057,259974.1355,189.7337,23,"3","Meip26-23_C10_16cc","mp26","m_004_masked.tif",23,"discontinuous",22,12495,43.1511,3183325,254.7679
"Meip26-23_C1_2cc","RawMeip26imagesforQuant.lif - meip26-23_23_C3_C4_AllCysts.csv","m_004.tif","meiP26","2cc",0,0,0,"No foci",158.1562,8,"RawMeip26imagesforQuant.lif - meip26-23_C4.tif",8,177.4704,31094.4263,175.2091,23,NA,"Meip26-23_C1_2cc","mp26","m_004_masked.tif",23,"none",NA,NA,NA,NA,NA
"Meip26-23_C2_4cc","RawMeip26imagesforQuant.lif - meip26-23_23_C3_C4_AllCysts.csv","m_004.tif","meiP26","4cc",0,0,0,"No foci",164.4402,8,"RawMeip26imagesforQuant.lif - meip26-23_C4.tif",8,252.7457,49748.4933,196.8322,23,NA,"Meip26-23_C2_4cc","mp26","m_004_masked.tif",23,"none",NA,NA,NA,NA,NA
"Meip26-23_C3_4cc","RawMeip26imagesforQuant.lif - meip26-23_23_C3_C4_AllCysts.csv","m_004.tif","meiP26","4cc",0,0,1,"Foci",192.8333,12,"RawMeip26imagesforQuant.lif - meip26-23_C4.tif",12,322.2985,72377.9844,224.5681,23,NA,"Meip26-23_C3_4cc","mp26","m_004_masked.tif",23,"foci",NA,NA,NA,NA,NA
"Meip26-23_C4_4cc","RawMeip26imagesforQuant.lif - meip26-23_23_C3_C4_AllCysts.csv","m_004.tif","meiP26","4cc",0,0,1,"Foci",200.4991,11,"RawMeip26imagesforQuant.lif - meip26-23_C4.tif",11,426.3723,96363.6394,226.0082,23,NA,"Meip26-23_C4_4cc","mp26","m_004_masked.tif",23,"foci",NA,NA,NA,NA,NA
"Meip26-23_C5_16cc","RawMeip26imagesforQuant.lif - meip26-23_23_C3_C4_AllCysts.csv","m_004.tif","meiP26","16cc",0,1,1,"Incomplete SC, foci. Loaded",243.6593,16,"RawMeip26imagesforQuant.lif - meip26-23_C4.tif",16,751.6616,229673.5376,305.5544,23,"2a","Meip26-23_C5_16cc","mp26","m_004_masked.tif",23,"discontinuous",16,29123,100.5754,8284120,284.4528
"Meip26-23_C6_16cc","RawMeip26imagesforQuant.lif - meip26-23_23_C3_C4_AllCysts.csv","m_004.tif","meiP26","16cc",0,0,1,"Foci",340.0321,18,"RawMeip26imagesforQuant.lif - meip26-23_C4.tif",18,755.4915,162307.2946,214.8367,23,"2a","Meip26-23_C6_16cc","mp26","m_004_masked.tif",23,"foci",18,2993,10.3362,3320964,1109.577
"Meip26-23_C7_16cc","RawMeip26imagesforQuant.lif - meip26-23_23_C3_C4_AllCysts.csv","m_004.tif","meiP26","16cc",1,1,1,"Complete, incomplete, foci. Loaded but blurry",227.8275,29,"RawMeip26imagesforQuant.lif - meip26-23_C4.tif",29,1008.9727,205386.4431,203.56,23,"2a","Meip26-23_C7_16cc","mp26","m_004_masked.tif",23,"continuous",29,16653,57.5106,7679526,461.1497
"Meip26-23_C8_16cc","RawMeip26imagesforQuant.lif - meip26-23_23_C3_C4_AllCysts.csv","m_004.tif","meiP26","16cc",0,1,1,"Incomplete, foci, loaded",157.6871,27,"RawMeip26imagesforQuant.lif - meip26-23_C4.tif",27,1243.6429,206365.4535,165.9363,23,"2a","Meip26-23_C8_16cc","mp26","m_004_masked.tif",23,"discontinuous",27,12616,43.569,3308142,262.218
"Meip26-23_C9_16cc","RawMeip26imagesforQuant.lif - meip26-23_23_C3_C4_AllCysts.csv","m_004.tif","meiP26","16cc",0,1,1,"Complete, foci, diffuse",206.8849,24,"RawMeip26imagesforQuant.lif - meip26-23_C4.tif",24,1007.4152,207778.7654,206.2494,23,"2b","Meip26-23_C9_16cc","mp26","m_004_masked.tif",23,"discontinuous",24,17572,60.6844,4938695,281.0548
"Meip26-23_GSC1","RawMeip26imagesforQuant.lif - meip26-23_23_C3_C4_AllCysts.csv","m_004.tif","meiP26","GSC",0,0,0,"Foci",139.5297,12,"RawMeip26imagesforQuant.lif - meip26-23_C4.tif",12,306.2606,47092.5849,153.7664,23,NA,"Meip26-23_GSC1","mp26","m_004_masked.tif",23,"none",NA,NA,NA,NA,NA
"Meip26-23_GSC2","RawMeip26imagesforQuant.lif - meip26-23_23_C3_C4_AllCysts.csv","m_004.tif","meiP26","GSC",0,0,0,"Foci",164.4121,15,"RawMeip26imagesforQuant.lif - meip26-23_C4.tif",15,307.5626,48853.2192,158.8399,23,NA,"Meip26-23_GSC2","mp26","m_004_masked.tif",23,"none",NA,NA,NA,NA,NA
"Meip26-25_C10_16cc","RawMeip26imagesforQuant.lif - meip26-25_25_C3_C4_AllCysts.csv","m_002.tif","meiP26","16cc",0,1,1,"Incomplete, foci, loaded",211.1755,31,"RawMeip26imagesforQuant.lif - meip26-25_C4.tif",31,1664.1012,290902.6094,174.8106,25,"3","Meip26-25_C10_16cc","mp26","m_002_masked.tif",25,"discontinuous",31,7503,25.8837,2417180,322.1618
"Meip26-25_C1_2cc","RawMeip26imagesforQuant.lif - meip26-25_25_C3_C4_AllCysts.csv","m_002.tif","meiP26","2cc",0,0,0,"No foci",207.3812,9,"RawMeip26imagesforQuant.lif - meip26-25_C4.tif",9,232.8054,73446.0515,315.4826,25,NA,"Meip26-25_C1_2cc","mp26","m_002_masked.tif",25,"none",NA,NA,NA,NA,NA
"Meip26-25_C2_2cc","RawMeip26imagesforQuant.lif - meip26-25_25_C3_C4_AllCysts.csv","m_002.tif","meiP26","2cc",0,0,0,"No foci",175.8125,13,"RawMeip26imagesforQuant.lif - meip26-25_C4.tif",13,229.2107,50269.4117,219.3153,25,NA,"Meip26-25_C2_2cc","mp26","m_002_masked.tif",25,"none",NA,NA,NA,NA,NA
"Meip26-25_C3_2cc","RawMeip26imagesforQuant.lif - meip26-25_25_C3_C4_AllCysts.csv","m_002.tif","meiP26","2cc",0,0,0,"No foci",182.6849,11,"RawMeip26imagesforQuant.lif - meip26-25_C4.tif",11,298.4307,77597.1142,260.0172,25,NA,"Meip26-25_C3_2cc","mp26","m_002_masked.tif",25,"none",NA,NA,NA,NA,NA
"Meip26-25_C4_8cc","RawMeip26imagesforQuant.lif - meip26-25_25_C3_C4_AllCysts.csv","m_002.tif","meiP26","8cc",0,0,0,"No foci",183.2054,17,"RawMeip26imagesforQuant.lif - meip26-25_C4.tif",17,623.6352,154334.3381,247.4754,25,NA,"Meip26-25_C4_8cc","mp26","m_002_masked.tif",25,"none",NA,NA,NA,NA,NA
"Meip26-25_C5_16cc","RawMeip26imagesforQuant.lif - meip26-25_25_C3_C4_AllCysts.csv","m_002.tif","meiP26","16cc",0,0,1,"Foci",265.876,19,"RawMeip26imagesforQuant.lif - meip26-25_C4.tif",19,748.4002,245206.3418,327.6407,25,"2a","Meip26-25_C5_16cc","mp26","m_002_masked.tif",25,"foci",19,5566,19.2015,2310179,415.0519
"Meip26-25_C6_16cc","RawMeip26imagesforQuant.lif - meip26-25_25_C3_C4_AllCysts.csv","m_002.tif","meiP26","16cc",1,0,1,"Complete SC, foci. Diffuse",212.2956,11,"RawMeip26imagesforQuant.lif - meip26-25_C4.tif",11,892.9566,273016.8592,305.7448,25,"2a","Meip26-25_C6_16cc","mp26","m_002_masked.tif",25,"continuous",11,20208,69.7133,7585771,375.3846
"Meip26-25_C7_16cc","RawMeip26imagesforQuant.lif - meip26-25_25_C3_C4_AllCysts.csv","m_002.tif","meiP26","16cc",0,1,0,"Incomplete SC, foci , diffuse",185.5494,12,"RawMeip26imagesforQuant.lif - meip26-25_C4.tif",12,716.9209,146191.917,203.9164,25,"2b","Meip26-25_C7_16cc","mp26","m_002_masked.tif",25,"discontinuous",12,5099,17.5905,1292096,253.4018
"Meip26-25_C8_16cc","RawMeip26imagesforQuant.lif - meip26-25_25_C3_C4_AllCysts.csv","m_002.tif","meiP26","16cc",1,1,0,"Complete SC, foci, Loaded",367.3675,18,"RawMeip26imagesforQuant.lif - meip26-25_C4.tif",18,1046.1133,461179.1533,440.8501,25,"2b","Meip26-25_C8_16cc","mp26","m_002_masked.tif",25,"continuous",18,40346,139.1851,30543202,757.0317
"Meip26-25_C9_16cc","RawMeip26imagesforQuant.lif - meip26-25_25_C3_C4_AllCysts.csv","m_002.tif","meiP26","16cc",0,1,0,"Incomplete, foci, loaded",176.9869,26,"RawMeip26imagesforQuant.lif - meip26-25_C4.tif",26,1164.3789,223981.2809,192.3612,25,"2b","Meip26-25_C9_16cc","mp26","m_002_masked.tif",25,"discontinuous",26,6980,24.0795,1433738,205.4066
"WT22_C1_8cc","Raw_yWT_imagesforQuant.lif - WT23_22_C3_C4_AllCysts.csv","image_023.tif","WT","8cc",0,0,0,"Several foci",182.9672,18,"Raw_yWT_imagesforQuant.lif - WT23_C4.tif",18,463.1523,80551.0179,173.9191,22,NA,"WT22_C1_8cc","WT","image_023_masked.tif",22,"none",NA,NA,NA,NA,NA
"WT22_C2_4cc","Raw_yWT_imagesforQuant.lif - WT23_22_C3_C4_AllCysts.csv","image_023.tif","WT","4cc",0,0,0,"No foci",169.0822,15,"Raw_yWT_imagesforQuant.lif - WT23_C4.tif",15,458.0467,70468.5522,153.8458,22,NA,"WT22_C2_4cc","WT","image_023_masked.tif",22,"none",NA,NA,NA,NA,NA
"WT22_C3_16cc","Raw_yWT_imagesforQuant.lif - WT23_22_C3_C4_AllCysts.csv","image_023.tif","WT","16cc",1,0,0,"Several full SCs and one incomplete",338.0655,23,"Raw_yWT_imagesforQuant.lif - WT23_C4.tif",23,853.0588,279728.3977,327.9122,22,"2b","WT22_C3_16cc","WT","image_023_masked.tif",22,"continuous",23,29709,101.5948,14945471,503.0621
"WT22_C4_16cc","Raw_yWT_imagesforQuant.lif - WT23_22_C3_C4_AllCysts.csv","image_023.tif","WT","16cc",1,0,0,"Several full SCs",364.7976,15,"Raw_yWT_imagesforQuant.lif - WT23_C4.tif",15,793.7482,288785.6177,363.8252,22,"2a","WT22_C4_16cc","WT","image_023_masked.tif",22,"continuous",15,35409,121.0868,20987321,592.7115
"WT22_C5_16cc","Raw_yWT_imagesforQuant.lif - WT23_22_C3_C4_AllCysts.csv","image_023.tif","WT","16cc",1,1,0,"Incomplete SC + foci",232.0919,22,"Raw_yWT_imagesforQuant.lif - WT23_C4.tif",22,866.2451,228528.7979,263.8154,22,"2b","WT22_C5_16cc","WT","image_023_masked.tif",22,"continuous",22,25982,88.8497,8148053,313.6038
"WT22_C6_16cc","Raw_yWT_imagesforQuant.lif - WT23_22_C3_C4_AllCysts.csv","image_023.tif","WT","16cc",1,1,0,"Several full, some incomplete, and one foci",216.5345,20,"Raw_yWT_imagesforQuant.lif - WT23_C4.tif",20,880.211,279602.814,317.6543,22,"2b","WT22_C6_16cc","WT","image_023_masked.tif",22,"continuous",20,28046,95.9079,8404882,299.682
"WT22_CB1_CB","Raw_yWT_imagesforQuant.lif - WT23_22_C3_C4_AllCysts.csv","image_023.tif","WT","CB",0,0,0,"No foci",122.5727,16,"Raw_yWT_imagesforQuant.lif - WT23_C4.tif",16,164.3353,20934.6633,127.3899,22,NA,"WT22_CB1_CB","WT","image_023_masked.tif",22,"none",NA,NA,NA,NA,NA
"WT22_CB2_CB","Raw_yWT_imagesforQuant.lif - WT23_22_C3_C4_AllCysts.csv","image_023.tif","WT","CB",0,0,0,"No foci",130.5974,12,"Raw_yWT_imagesforQuant.lif - WT23_C4.tif",12,125.782,18083.2424,143.7665,22,NA,"WT22_CB2_CB","WT","image_023_masked.tif",22,"none",NA,NA,NA,NA,NA
"WT22_GSC1_GSC","Raw_yWT_imagesforQuant.lif - WT23_22_C3_C4_AllCysts.csv","image_023.tif","WT","GSC",0,0,0,"Several foci",154.4005,12,"Raw_yWT_imagesforQuant.lif - WT23_C4.tif",12,193.6179,29195.6045,150.7898,22,NA,"WT22_GSC1_GSC","WT","image_023_masked.tif",22,"none",NA,NA,NA,NA,NA
"WT22_GSC2_GSC","Raw_yWT_imagesforQuant.lif - WT23_22_C3_C4_AllCysts.csv","image_023.tif","WT","GSC",0,0,0,"Several foci - not very prominent",135.3783,10,"Raw_yWT_imagesforQuant.lif - WT23_C4.tif",10,164.2909,21784.8052,132.599,22,NA,"WT22_GSC2_GSC","WT","image_023_masked.tif",22,"none",NA,NA,NA,NA,NA
"WT21_C1_2cc","Raw_yWT_imagesforQuant.lif - WT22_21_C3_C4_AllCysts.csv","image_022.tif","WT","2cc",0,0,0,"Several foci",168.31,18,"Raw_yWT_imagesforQuant.lif - WT22_C4.tif",18,219.7918,33112.7607,150.6551,21,NA,"WT21_C1_2cc","WT","image_022_masked.tif",21,"none",NA,NA,NA,NA,NA
"WT21_C2_4cc","Raw_yWT_imagesforQuant.lif - WT22_21_C3_C4_AllCysts.csv","image_022.tif","WT","4cc",0,0,1,"Several foci",172.6296,17,"Raw_yWT_imagesforQuant.lif - WT22_C4.tif",17,394.5714,62039.8116,157.2334,21,NA,"WT21_C2_4cc","WT","image_022_masked.tif",21,"foci",NA,NA,NA,NA,NA
"WT21_C3_8cc","Raw_yWT_imagesforQuant.lif - WT22_21_C3_C4_AllCysts.csv","image_022.tif","WT","8cc",0,0,1,"Several foci",145.2273,18,"Raw_yWT_imagesforQuant.lif - WT22_C4.tif",18,617.3885,87936.2759,142.4326,21,NA,"WT21_C3_8cc","WT","image_022_masked.tif",21,"foci",NA,NA,NA,NA,NA
"WT21_C4_16cc","Raw_yWT_imagesforQuant.lif - WT22_21_C3_C4_AllCysts.csv","image_022.tif","WT","16cc",1,0,0,"Several full SCs, some incomplete, and some foci",215.2233,31,"Raw_yWT_imagesforQuant.lif - WT22_C4.tif",31,1244.6545,323563.2009,259.9623,21,"2b","WT21_C4_16cc","WT","image_022_masked.tif",21,"continuous",31,54754,187.5932,23576830,430.5956
"WT21_C5_16cc","Raw_yWT_imagesforQuant.lif - WT22_21_C3_C4_AllCysts.csv","image_022.tif","WT","16cc",1,0,0,"Several full SCs, some incomplete, and some foci",196.6264,35,"Raw_yWT_imagesforQuant.lif - WT22_C4.tif",35,1086.5772,224202.2996,206.3381,21,"3","WT21_C5_16cc","WT","image_022_masked.tif",21,"continuous",35,33846,115.9601,8582296,253.569
"WT21_CB1_CB","Raw_yWT_imagesforQuant.lif - WT22_21_C3_C4_AllCysts.csv","image_022.tif","WT","CB",0,0,0,"Several foci",159.0374,11,"Raw_yWT_imagesforQuant.lif - WT22_C4.tif",11,108.0424,15688.6288,145.2081,21,NA,"WT21_CB1_CB","WT","image_022_masked.tif",21,"none",NA,NA,NA,NA,NA
"WT21_GSC1_GSC","Raw_yWT_imagesforQuant.lif - WT22_21_C3_C4_AllCysts.csv","image_022.tif","WT","GSC",0,0,0,"Several foci",158.5953,13,"Raw_yWT_imagesforQuant.lif - WT22_C4.tif",13,252.1446,32578.7774,129.2067,21,NA,"WT21_GSC1_GSC","WT","image_022_masked.tif",21,"none",NA,NA,NA,NA,NA
"WT21_GSC2_GSC","Raw_yWT_imagesforQuant.lif - WT22_21_C3_C4_AllCysts.csv","image_022.tif","WT","GSC",0,0,0,"No foci",149.966,13,"Raw_yWT_imagesforQuant.lif - WT22_C4.tif",13,208.8968,28534.9702,136.5984,21,NA,"WT21_GSC2_GSC","WT","image_022_masked.tif",21,"none",NA,NA,NA,NA,NA
"Wt20_C1_4cc","Raw_yWT_imagesforQuant.lif - WT21_20_C3_C4_AllCysts.csv","image_021.tif","WT","4cc",0,0,0,"One foci - not very prominent",198.4422,17,"Raw_yWT_imagesforQuant.lif - WT21_C4.tif",17,364.7399,87884.9228,240.9523,20,NA,"WT20_C1_4cc","WT","image_021_masked.tif",20,"none",NA,NA,NA,NA,NA
"WT20_C2_8cc","Raw_yWT_imagesforQuant.lif - WT21_20_C3_C4_AllCysts.csv","image_021.tif","WT","8cc",0,0,0,"Several foci",173.5412,15,"Raw_yWT_imagesforQuant.lif - WT21_C4.tif",15,461.2448,101543.4297,220.1509,20,NA,"WT20_C2_8cc","WT","image_021_masked.tif",20,"none",NA,NA,NA,NA,NA
"WT20_C3_8cc","Raw_yWT_imagesforQuant.lif - WT21_20_C3_C4_AllCysts.csv","image_021.tif","WT","8cc",0,0,0,"Several foci - not very prominent",204.5787,21,"Raw_yWT_imagesforQuant.lif - WT21_C4.tif",21,486.3725,116657.1786,239.8515,20,NA,"WT20_C3_8cc","WT","image_021_masked.tif",20,"none",NA,NA,NA,NA,NA
"WT20_C4_8cc","Raw_yWT_imagesforQuant.lif - WT21_20_C3_C4_AllCysts.csv","image_021.tif","WT","8cc",0,0,0,"Several foci",207.159,17,"Raw_yWT_imagesforQuant.lif - WT21_C4.tif",17,499.0256,121239.2876,242.952,20,NA,"WT20_C4_8cc","WT","image_021_masked.tif",20,"none",NA,NA,NA,NA,NA
"WT20_C5_16cc","Raw_yWT_imagesforQuant.lif - WT21_20_C3_C4_AllCysts.csv","image_021.tif","WT","16cc",1,0,0,"Several full SCs, some incomplete, and some foci",354.8135,26,"Raw_yWT_imagesforQuant.lif - WT21_C4.tif",26,824.9995,392035.5814,475.195,20,"2a","WT20_C5_16cc","WT","image_021_masked.tif",20,"continuous",26,41456,142.308,22740123,548.5364
"WT20_C6_16cc","Raw_yWT_imagesforQuant.lif - WT21_20_C3_C4_AllCysts.csv","image_021.tif","WT","16cc",1,0,0,"Several full SCs, some foci",234.8684,23,"Raw_yWT_imagesforQuant.lif - WT21_C4.tif",23,683.4432,299348.1843,438.0001,20,"2a","WT20_C6_16cc","WT","image_021_masked.tif",20,"continuous",23,51115,175.465,23263632,455.1234
"WT20_C7_16cc","Raw_yWT_imagesforQuant.lif - WT21_20_C3_C4_AllCysts.csv","image_021.tif","WT","16cc",1,0,0,"Several full SCs, some incomplete, and some foci",204.0572,22,"Raw_yWT_imagesforQuant.lif - WT21_C4.tif",22,670.0761,240172.3171,358.4255,20,"2b","WT20_C7_16cc","WT","image_021_masked.tif",20,"continuous",22,48922,167.937,18615329,380.5104
"WT20_CB1_CB","Raw_yWT_imagesforQuant.lif - WT21_20_C3_C4_AllCysts.csv","image_021.tif","WT","CB",0,0,1,"Several foci",217.2421,10,"Raw_yWT_imagesforQuant.lif - WT21_C4.tif",10,130.7088,36994.6716,283.0313,20,NA,"WT20_CB1_CB","WT","image_021_masked.tif",20,"foci",NA,NA,NA,NA,NA
"WT20_GSC1_GSC","Raw_yWT_imagesforQuant.lif - WT21_20_C3_C4_AllCysts.csv","image_021.tif","WT","GSC",0,0,1,"Several foci",199.2386,10,"Raw_yWT_imagesforQuant.lif - WT21_C4.tif",10,78.6306,22748.4643,289.3082,20,NA,"WT20_GSC1_GSC","WT","image_021_masked.tif",20,"foci",NA,NA,NA,NA,NA
"WT20_GSC2_GSC","Raw_yWT_imagesforQuant.lif - WT21_20_C3_C4_AllCysts.csv","image_021.tif","WT","GSC",0,0,0,"Several foci",183.2393,12,"Raw_yWT_imagesforQuant.lif - WT21_C4.tif",12,234.4499,60022.7265,256.0152,20,NA,"WT20_GSC2_GSC","WT","image_021_masked.tif",20,"none",NA,NA,NA,NA,NA
"WT20_GSC3_GSC","Raw_yWT_imagesforQuant.lif - WT21_20_C3_C4_AllCysts.csv","image_021.tif","WT","GSC",0,0,0,"Several foci",193.8493,11,"Raw_yWT_imagesforQuant.lif - WT21_C4.tif",11,169.8421,39546.8519,232.8448,20,NA,"WT20_GSC3_GSC","WT","image_021_masked.tif",20,"none",NA,NA,NA,NA,NA
"WT20_GSC4_GSC","Raw_yWT_imagesforQuant.lif - WT21_20_C3_C4_AllCysts.csv","image_021.tif","WT","GSC",0,0,0,"No foci",171.9989,14,"Raw_yWT_imagesforQuant.lif - WT21_C4.tif",14,156.5471,36071.729,230.4209,20,NA,"WT20_GSC4_GSC","WT","image_021_masked.tif",20,"none",NA,NA,NA,NA,NA
"WT19_C1_4cc","Raw_yWT_imagesforQuant.lif - WT20_19_C3_C4_AllCysts.csv","image_020.tif","WT","4cc",0,0,1,"No foci",190.4202,16,"Raw_yWT_imagesforQuant.lif - WT20_C4.tif",16,388.0334,80126.3897,206.4936,19,NA,"WT19_C1_4cc","WT","image_020_masked.tif",19,"foci",NA,NA,NA,NA,NA
"WT19_C2_16cc","Raw_yWT_imagesforQuant.lif - WT20_19_C3_C4_AllCysts.csv","image_020.tif","WT","16cc",1,1,1,"Several full SCs, some incomplete, and some foci",180.8988,26,"Raw_yWT_imagesforQuant.lif - WT20_C4.tif",26,658.8512,221498.6612,336.1892,19,"2a","WT19_C2_16cc","WT","image_020_masked.tif",19,"continuous",26,25675,87.8201,5612662,218.6042
"WT19_C3_16cc","Raw_yWT_imagesforQuant.lif - WT20_19_C3_C4_AllCysts.csv","image_020.tif","WT","16cc",1,0,0,"Several full SCs, some foci",401.8595,25,"Raw_yWT_imagesforQuant.lif - WT20_C4.tif",25,928.79,355768.877,383.0455,19,"2a","WT19_C3_16cc","WT","image_020_masked.tif",19,"continuous",25,53663,183.5518,34441775,641.8161
"WT19_C4_16cc","Raw_yWT_imagesforQuant.lif - WT20_19_C3_C4_AllCysts.csv","image_020.tif","WT","16cc",1,0,0,"Several full SCs, some incomplete,",330.1436,27,"Raw_yWT_imagesforQuant.lif - WT20_C4.tif",27,819.5783,331538.1467,404.5228,19,"2b","WT19_C4_16cc","WT","image_020_masked.tif",19,"continuous",27,64105,219.2682,37076183,578.3665
"WT19_C5_16cc","Raw_yWT_imagesforQuant.lif - WT20_19_C3_C4_AllCysts.csv","image_020.tif","WT","16cc",0,1,1,"Several full SCs, some foci",236.6003,18,"Raw_yWT_imagesforQuant.lif - WT20_C4.tif",18,848.7993,241668.6082,284.7182,19,"3","WT19_C5_16cc","WT","image_020_masked.tif",19,"discontinuous",18,32778,112.1156,11139932,339.86
"WT19_GSC1_GSC","Raw_yWT_imagesforQuant.lif - WT20_19_C3_C4_AllCysts.csv","image_020.tif","WT","GSC",0,0,0,"Several foci",230.5982,13,"Raw_yWT_imagesforQuant.lif - WT20_C4.tif",13,301.6601,63355.9837,210.0244,19,NA,"WT19_GSC1_GSC","WT","image_020_masked.tif",19,"none",NA,NA,NA,NA,NA
"WT19_GSC2_GSC","Raw_yWT_imagesforQuant.lif - WT20_19_C3_C4_AllCysts.csv","image_020.tif","WT","GSC",0,0,0,"Several foci",156.2278,11,"Raw_yWT_imagesforQuant.lif - WT20_C4.tif",11,226.9984,48245.7017,212.5376,19,NA,"WT19_GSC2_GSC","WT","image_020_masked.tif",19,"none",NA,NA,NA,NA,NA
"WT18_C1_2cc","Raw_yWT_imagesforQuant.lif - WT18_18_C3_C4_AllCysts.csv","image_019.tif","WT","2cc",0,0,0,"No foci",162.0891,13,"Raw_yWT_imagesforQuant.lif - WT18_C4.tif",13,395.3652,66470.0942,168.1233,18,NA,"WT18_C1_2cc","WT","image_019_masked.tif",18,"none",NA,NA,NA,NA,NA
"WT18_C2_4cc","Raw_yWT_imagesforQuant.lif - WT18_18_C3_C4_AllCysts.csv","image_019.tif","WT","4cc",0,0,0,"No foci",143.9127,13,"Raw_yWT_imagesforQuant.lif - WT18_C4.tif",13,317.3708,49500.6614,155.9711,18,NA,"WT18_C2_4cc","WT","image_019_masked.tif",18,"none",NA,NA,NA,NA,NA
"WT18_C3_16cc","Raw_yWT_imagesforQuant.lif - WT18_18_C3_C4_AllCysts.csv","image_019.tif","WT","16cc",1,0,0,"Continuous, loaded (Wow)",345.8117,13,"Raw_yWT_imagesforQuant.lif - WT18_C4.tif",13,1013.6938,405809.2656,400.3273,18,"2a","WT18_C3_16cc","WT","image_019_masked.tif",18,"continuous",13,86813,298.9638,52083723,599.953
"WT18_C4_16cc","Raw_yWT_imagesforQuant.lif - WT18_18_C3_C4_AllCysts.csv","image_019.tif","WT","16cc",1,0,0,"Continuous, discontinuous, loaded",355.288,23,"Raw_yWT_imagesforQuant.lif - WT18_C4.tif",23,1352.4814,502572.6454,371.593,18,"2a","WT18_C4_16cc","WT","image_019_masked.tif",18,"continuous",23,93571,322.2368,50276324,537.3067
"WT18_C5_16cc","Raw_yWT_imagesforQuant.lif - WT18_18_C3_C4_AllCysts.csv","image_019.tif","WT","16cc",1,0,0,"Continuous, discontinuous, loaded",208.1523,22,"Raw_yWT_imagesforQuant.lif - WT18_C4.tif",22,1182.497,356677.3732,301.6307,18,"2b","WT18_C5_16cc","WT","image_019_masked.tif",18,"continuous",22,90842,312.8388,38955927,428.8317
"WT18_C6_16cc","Raw_yWT_imagesforQuant.lif - WT18_18_C3_C4_AllCysts.csv","image_019.tif","WT","16cc",0,1,0,"Discontinous, loaded",197.8192,22,"Raw_yWT_imagesforQuant.lif - WT18_C4.tif",22,1593.5589,327031.7811,205.221,18,"3","WT18_C6_16cc","WT","image_019_masked.tif",18,"discontinuous",22,24271,83.5837,4710238,194.0686
"WT18_GSC1","Raw_yWT_imagesforQuant.lif - WT18_18_C3_C4_AllCysts.csv","image_019.tif","WT","GSC",0,0,0,"Foci",176.1949,7,"Raw_yWT_imagesforQuant.lif - WT18_C4.tif",7,223.2905,39905.4728,178.7155,18,NA,"WT18_GSC1","WT","image_019_masked.tif",18,"none",NA,NA,NA,NA,NA
"WT18_GSC2","Raw_yWT_imagesforQuant.lif - WT18_18_C3_C4_AllCysts.csv","image_019.tif","WT","GSC",0,0,0,"No foci",129.0875,11,"Raw_yWT_imagesforQuant.lif - WT18_C4.tif",11,352.1046,47615.5565,135.2313,18,NA,"WT18_GSC2","WT","image_019_masked.tif",18,"none",NA,NA,NA,NA,NA
"WT16_C1_2cc","Raw_yWT_imagesforQuant.lif - WT16_16_C3_C4_AllCysts.csv","image_017.tif","WT","2cc",0,0,0,"No foci",207.2323,18,"Raw_yWT_imagesforQuant.lif - WT16_C4.tif",18,311.5995,57910.5795,185.8494,16,NA,"WT16_C1_2cc","WT","image_017_masked.tif",16,"none",NA,NA,NA,NA,NA
"WT16_C2_4cc","Raw_yWT_imagesforQuant.lif - WT16_16_C3_C4_AllCysts.csv","image_017.tif","WT","4cc",0,0,1,"Foci",190.4951,20,"Raw_yWT_imagesforQuant.lif - WT16_C4.tif",20,522.182,90994.6475,174.2585,16,NA,"WT16_C2_4cc","WT","image_017_masked.tif",16,"foci",NA,NA,NA,NA,NA
"WT16_C3_2cc","Raw_yWT_imagesforQuant.lif - WT16_16_C3_C4_AllCysts.csv","image_017.tif","WT","2cc",0,0,0,"Foci",168.3306,8,"Raw_yWT_imagesforQuant.lif - WT16_C4.tif",8,113.4722,20134.0094,177.4357,16,NA,"WT16_C3_2cc","WT","image_017_masked.tif",16,"none",NA,NA,NA,NA,NA
"WT16_C4_16cc","Raw_yWT_imagesforQuant.lif - WT16_16_C3_C4_AllCysts.csv","image_017.tif","WT","16cc",1,1,1,"Continuous, discontinuous, loaded but blurry",184.706,24,"Raw_yWT_imagesforQuant.lif - WT16_C4.tif",24,1452.8494,481893.6961,331.6887,16,"2a","WT16_C4_16cc","WT","image_017_masked.tif",16,"continuous",24,41160,142.1684,6812425,165.5108
"WT16_C5_16cc","Raw_yWT_imagesforQuant.lif - WT16_16_C3_C4_AllCysts.csv","image_017.tif","WT","16cc",1,0,0,"Continuous, loaded",370.5321,32,"Raw_yWT_imagesforQuant.lif - WT16_C4.tif",32,1298.5919,408103.3813,314.2661,16,"2b","WT16_C5_16cc","WT","image_017_masked.tif",16,"continuous",32,41304,142.6657,28110195,680.5683
"WT16_C6_16cc","Raw_yWT_imagesforQuant.lif - WT16_16_C3_C4_AllCysts.csv","image_017.tif","WT","16cc",1,0,0,"Continuous, discontinuous, loaded but blurry",227.4314,20,"Raw_yWT_imagesforQuant.lif - WT16_C4.tif",20,1137.1085,268349.4131,235.9928,16,"3","WT16_C6_16cc","WT","image_017_masked.tif",16,"continuous",20,36760,126.9706,15065236,409.8269
"WT16_GSC1_GSC","Raw_yWT_imagesforQuant.lif - WT16_16_C3_C4_AllCysts.csv","image_017.tif","WT","GSC",0,0,1,"Foci",203.521,11,"Raw_yWT_imagesforQuant.lif - WT16_C4.tif",11,359.6383,73854.256,205.3571,16,NA,"WT16_GSC1_GSC","WT","image_017_masked.tif",16,"foci",NA,NA,NA,NA,NA
"WT15_C1_2cc","Raw_yWT_imagesforQuant.lif - WT15_15_C3_C4_AllCysts.csv","image_016.tif","WT","2cc",0,0,0,"No foci",213.1444,12,"Raw_yWT_imagesforQuant.lif - WT15_C4.tif",12,252.7436,47926.7325,189.6259,15,NA,"WT15_C1_2cc","WT","image_016_masked.tif",15,"none",NA,NA,NA,NA,NA
"WT15_C2_2cc","Raw_yWT_imagesforQuant.lif - WT15_15_C3_C4_AllCysts.csv","image_016.tif","WT","2cc",0,0,0,"Foci",232.2404,16,"Raw_yWT_imagesforQuant.lif - WT15_C4.tif",16,252.1554,54717.8992,217.0007,15,NA,"WT15_C2_2cc","WT","image_016_masked.tif",15,"none",NA,NA,NA,NA,NA
"WT15_C3_8cc","Raw_yWT_imagesforQuant.lif - WT15_15_C3_C4_AllCysts.csv","image_016.tif","WT","8cc",0,0,1,"Foci",202.3787,14,"Raw_yWT_imagesforQuant.lif - WT15_C4.tif",14,723.0456,144137.2069,199.3473,15,NA,"WT15_C3_8cc","WT","image_016_masked.tif",15,"foci",NA,NA,NA,NA,NA
"WT15_C4_16cc","Raw_yWT_imagesforQuant.lif - WT15_15_C3_C4_AllCysts.csv","image_016.tif","WT","16cc",1,1,0,"Discontinuous, loaded",283.2827,13,"Raw_yWT_imagesforQuant.lif - WT15_C4.tif",13,668.785,197997.2536,296.0551,15,"2a","WT15_C4_16cc","WT","image_016_masked.tif",15,"continuous",13,25249,86.8589,13289772,526.3484
"WT15_C5_16cc","Raw_yWT_imagesforQuant.lif - WT15_15_C3_C4_AllCysts.csv","image_016.tif","WT","16cc",0,1,0,"Discontinuous, loaded",233.7192,12,"Raw_yWT_imagesforQuant.lif - WT15_C4.tif",12,668.4926,191245.5585,286.0848,15,"2a","WT15_C5_16cc","WT","image_016_masked.tif",15,"discontinuous",12,8440,29.0344,2134343,252.8842
"WT15_C6_16cc","Raw_yWT_imagesforQuant.lif - WT15_15_C3_C4_AllCysts.csv","image_016.tif","WT","16cc",1,0,0,"Continuous, loaded",435.6661,28,"Raw_yWT_imagesforQuant.lif - WT15_C4.tif",28,1507.2011,504920.7109,335.0055,15,"2b","WT15_C6_16cc","WT","image_016_masked.tif",15,"continuous",28,68654,236.1761,47087521,685.8671
"WT15_C7_16cc","Raw_yWT_imagesforQuant.lif - WT15_15_C3_C4_AllCysts.csv","image_016.tif","WT","16cc",1,0,0,"Continuous, loaded",357.6983,16,"Raw_yWT_imagesforQuant.lif - WT15_C4.tif",16,1115.8148,371736.9906,333.1529,15,"2b","WT15_C7_16cc","WT","image_016_masked.tif",15,"continuous",16,59317,204.056,40750460,686.9946
"WT15_C8_16cc","Raw_yWT_imagesforQuant.lif - WT15_15_C3_C4_AllCysts.csv","image_016.tif","WT","16cc",0,0,0,"Continuous, discontinuous, loaded",240.9245,23,"Raw_yWT_imagesforQuant.lif - WT15_C4.tif",23,1258.1177,371430.5299,295.2272,15,"3","WT15_C8_16cc","WT","image_016_masked.tif",15,"none",23,32781,112.7697,9885484,301.5614
"WT15_GSC1","Raw_yWT_imagesforQuant.lif - WT15_15_C3_C4_AllCysts.csv","image_016.tif","WT","GSC",0,0,0,"No foci",198.4451,9,"Raw_yWT_imagesforQuant.lif - WT15_C4.tif",9,181.2998,27593.6362,152.1989,15,NA,"WT15_GSC1","WT","image_016_masked.tif",15,"none",NA,NA,NA,NA,NA
"WT15_GSC2","Raw_yWT_imagesforQuant.lif - WT15_15_C3_C4_AllCysts.csv","image_016.tif","WT","GSC",0,0,0,"No foci",222.1499,10,"Raw_yWT_imagesforQuant.lif - WT15_C4.tif",10,229.5471,46801.0653,203.8844,15,NA,"WT15_GSC2","WT","image_016_masked.tif",15,"none",NA,NA,NA,NA,NA
"WT15_GSC3","Raw_yWT_imagesforQuant.lif - WT15_15_C3_C4_AllCysts.csv","image_016.tif","WT","GSC",0,0,0,"No foci",186.7562,10,"Raw_yWT_imagesforQuant.lif - WT15_C4.tif",10,234.0846,37039.3438,158.2306,15,NA,"WT15_GSC3","WT","image_016_masked.tif",15,"none",NA,NA,NA,NA,NA
"WT13_C1_2cc","Raw_yWT_imagesforQuant.lif - WT13_13_C3_C4_AllCysts.csv","image_014.tif","WT","2cc",0,0,0,"No foci",133.3821,20,"Raw_yWT_imagesforQuant.lif - WT13_C4.tif",20,258.6251,35606.0192,137.6742,13,NA,"WT13_C1_2cc","WT","image_014_masked.tif",13,"none",NA,NA,NA,NA,NA
"WT13_C2_8cc","Raw_yWT_imagesforQuant.lif - WT13_13_C3_C4_AllCysts.csv","image_014.tif","WT","8cc",0,0,1,"Foci",180.9542,23,"Raw_yWT_imagesforQuant.lif - WT13_C4.tif",23,1430.2537,236950.6053,165.6703,13,NA,"WT13_C2_8cc","WT","image_014_masked.tif",13,"foci",NA,NA,NA,NA,NA
"WT13_C3_16cc","Raw_yWT_imagesforQuant.lif - WT13_13_C3_C4_AllCysts.csv","image_014.tif","WT","16cc",1,0,0,"Continuous, loaded",293.9168,23,"Raw_yWT_imagesforQuant.lif - WT13_C4.tif",23,1154.3451,357449.7257,309.6559,13,"2a","WT13_C3_16cc","WT","image_014_masked.tif",13,"continuous",23,61940,214.5798,27001544,435.9306
"WT13_C4_16cc","Raw_yWT_imagesforQuant.lif - WT13_13_C3_C4_AllCysts.csv","image_014.tif","WT","16cc",1,0,0,"Continuous, diffuse",254.5043,17,"Raw_yWT_imagesforQuant.lif - WT13_C4.tif",17,809.0947,269809.8922,333.4713,13,"2a","WT13_C4_16cc","WT","image_014_masked.tif",13,"continuous",17,32924,114.0592,12748650,387.2145
"WT13_C5_16cc","Raw_yWT_imagesforQuant.lif - WT13_13_C3_C4_AllCysts.csv","image_014.tif","WT","16cc",1,0,0,"Discontinous, loaded but blurry",198.194,32,"Raw_yWT_imagesforQuant.lif - WT13_C4.tif",32,1221.584,373482.0449,305.7359,13,"2b","WT13_C5_16cc","WT","image_014_masked.tif",13,"continuous",32,61092,211.6421,21934268,359.0367
"WT13_C6_16cc","Raw_yWT_imagesforQuant.lif - WT13_13_C3_C4_AllCysts.csv","image_014.tif","WT","16cc",1,0,0,"Continuous, loaded",139.714,20,"Raw_yWT_imagesforQuant.lif - WT13_C4.tif",20,1163.671,338867.489,291.2056,13,"2b","WT13_C6_16cc","WT","image_014_masked.tif",13,"continuous",20,48006,166.308,10601828,220.8438
"WT13_C7_16cc","Raw_yWT_imagesforQuant.lif - WT13_13_C3_C4_AllCysts.csv","image_014.tif","WT","16cc",1,0,0,"Discontinuous, loaded",175.4649,31,"Raw_yWT_imagesforQuant.lif - WT13_C4.tif",31,1882.0803,391308.8907,207.913,13,"3","WT13_C7_16cc","WT","image_014_masked.tif",13,"continuous",31,46764,162.0053,8501627,181.7985
"WT13_CB","Raw_yWT_imagesforQuant.lif - WT13_13_C3_C4_AllCysts.csv","image_014.tif","WT","CB",0,0,0,"No foci",124.9725,15,"Raw_yWT_imagesforQuant.lif - WT13_C4.tif",15,304.3992,42758.3582,140.4681,13,NA,"WT13_CB","WT","image_014_masked.tif",13,"none",NA,NA,NA,NA,NA
"WT13_GSC1","Raw_yWT_imagesforQuant.lif - WT13_13_C3_C4_AllCysts.csv","image_014.tif","WT","GSC",0,0,0,"No foci",86.3255,11,"Raw_yWT_imagesforQuant.lif - WT13_C4.tif",11,242.4294,20694.5763,85.3633,13,NA,"WT13_GSC1","WT","image_014_masked.tif",13,"none",NA,NA,NA,NA,NA
"WT13_GSC2","Raw_yWT_imagesforQuant.lif - WT13_13_C3_C4_AllCysts.csv","image_014.tif","WT","GSC",0,0,0,"No foci",104.8487,11,"Raw_yWT_imagesforQuant.lif - WT13_C4.tif",11,246.0116,20649.2492,83.9361,13,NA,"WT13_GSC2","WT","image_014_masked.tif",13,"none",NA,NA,NA,NA,NA
"WT13_GSC3","Raw_yWT_imagesforQuant.lif - WT13_13_C3_C4_AllCysts.csv","image_014.tif","WT","GSC",0,0,0,"No foci",85.3413,13,"Raw_yWT_imagesforQuant.lif - WT13_C4.tif",13,344.0309,29796.8894,86.6111,13,NA,"WT13_GSC3","WT","image_014_masked.tif",13,"none",NA,NA,NA,NA,NA
"WT12_C1_4cc","Raw_yWT_imagesforQuant.lif - WT12_12_C3_C4_AllCysts.csv","image_013.tif","WT","4cc",0,0,0,"Foci",132.5037,13,"Raw_yWT_imagesforQuant.lif - WT12_C4.tif",13,252.1965,42471.8282,168.4077,12,NA,"WT12_C1_4cc","WT","image_013_masked.tif",12,"none",NA,NA,NA,NA,NA
"WT12_C2_8cc","Raw_yWT_imagesforQuant.lif - WT12_12_C3_C4_AllCysts.csv","image_013.tif","WT","8cc",0,1,1,"Foci",115.0144,24,"Raw_yWT_imagesforQuant.lif - WT12_C4.tif",24,944.7188,152614.3366,161.5447,12,NA,"WT12_C2_8cc","WT","image_013_masked.tif",12,"discontinuous",NA,NA,NA,NA,NA
"WT12_C3_16cc","Raw_yWT_imagesforQuant.lif - WT12_12_C3_C4_AllCysts.csv","image_013.tif","WT","16cc",1,0,0,"Continuous, discontinuous, loaded. Half of SC outside of cyst",208.9643,30,"Raw_yWT_imagesforQuant.lif - WT12_C4.tif",30,1143.1508,330419.5013,289.0428,12,"2a","WT12_C3_16cc","WT","image_013_masked.tif",12,"continuous",30,91589,313.3859,31080218,339.3444
"WT12_C4_16cc","Raw_yWT_imagesforQuant.lif - WT12_12_C3_C4_AllCysts.csv","image_013.tif","WT","16cc",1,0,1,"Continuous, diffuse",166.5049,28,"Raw_yWT_imagesforQuant.lif - WT12_C4.tif",28,1167.3966,272336.1289,233.285,12,"2a","WT12_C4_16cc","WT","image_013_masked.tif",12,"continuous",28,49896,170.7269,11254641,225.562
"WT12_C5_16cc","Raw_yWT_imagesforQuant.lif - WT12_12_C3_C4_AllCysts.csv","image_013.tif","WT","16cc",1,0,0,"Continuous,  loaded.",172.1427,24,"Raw_yWT_imagesforQuant.lif - WT12_C4.tif",24,1225.9274,280661.291,228.9379,12,"2b","WT12_C5_16cc","WT","image_013_masked.tif",12,"continuous",24,69133,236.5492,18686130,270.2925
"WT12_C6_16cc","Raw_yWT_imagesforQuant.lif - WT12_12_C3_C4_AllCysts.csv","image_013.tif","WT","16cc",1,0,0,"Continuous,  loaded.",139.7919,32,"Raw_yWT_imagesforQuant.lif - WT12_C4.tif",32,1339.3758,253948.3126,189.602,12,"3","WT12_C6_16cc","WT","image_013_masked.tif",12,"continuous",32,62601,214.199,10284300,164.2833
"WT12_CB","Raw_yWT_imagesforQuant.lif - WT12_12_C3_C4_AllCysts.csv","image_013.tif","WT","CB",0,0,0,"No foci",138.3901,9,"Raw_yWT_imagesforQuant.lif - WT12_C4.tif",9,83.2557,11583.8328,139.1356,12,NA,"WT12_CB","WT","image_013_masked.tif",12,"none",NA,NA,NA,NA,NA
"WT12_GSC1","Raw_yWT_imagesforQuant.lif - WT12_12_C3_C4_AllCysts.csv","image_013.tif","WT","GSC",0,0,0,"No foci",148.1738,12,"Raw_yWT_imagesforQuant.lif - WT12_C4.tif",12,221.2031,27679.4828,125.1315,12,NA,"WT12_GSC1","WT","image_013_masked.tif",12,"none",NA,NA,NA,NA,NA
"WT12_GSC2","Raw_yWT_imagesforQuant.lif - WT12_12_C3_C4_AllCysts.csv","image_013.tif","WT","GSC",0,0,0,"Foci",131.679,23,"Raw_yWT_imagesforQuant.lif - WT12_C4.tif",23,494.0116,63844.1757,129.2362,12,NA,"WT12_GSC2","WT","image_013_masked.tif",12,"none",NA,NA,NA,NA,NA
"WT12_GSC3","Raw_yWT_imagesforQuant.lif - WT12_12_C3_C4_AllCysts.csv","image_013.tif","WT","GSC",0,0,0,"No foci",142.5112,11,"Raw_yWT_imagesforQuant.lif - WT12_C4.tif",11,335.8764,54776.0253,163.0839,12,NA,"WT12_GSC3","WT","image_013_masked.tif",12,"none",NA,NA,NA,NA,NA
"WT12_GSC4","Raw_yWT_imagesforQuant.lif - WT12_12_C3_C4_AllCysts.csv","image_013.tif","WT","GSC",0,0,0,"No foci",137.9914,10,"Raw_yWT_imagesforQuant.lif - WT12_C4.tif",10,154.7375,22040.9284,142.4408,12,NA,"WT12_GSC4","WT","image_013_masked.tif",12,"none",NA,NA,NA,NA,NA
"WT11_C1_2cc","Raw_yWT_imagesforQuant.lif - WT11_11_C3_C4_AllCysts.csv","image_012.tif","WT","2cc",0,0,0,"No foci",186.0789,12,"Raw_yWT_imagesforQuant.lif - WT11_C4.tif",12,334.4821,59534.2288,177.9893,11,NA,"WT11_C1_2cc","WT","image_012_masked.tif",11,"none",NA,NA,NA,NA,NA
"WT11_C2_8cc","Raw_yWT_imagesforQuant.lif - WT11_11_C3_C4_AllCysts.csv","image_012.tif","WT","8cc",0,0,0,"No foci",210.9071,20,"Raw_yWT_imagesforQuant.lif - WT11_C4.tif",20,878.5131,168567.4375,191.8781,11,NA,"WT11_C2_8cc","WT","image_012_masked.tif",11,"none",NA,NA,NA,NA,NA
"WT11_C3_16cc","Raw_yWT_imagesforQuant.lif - WT11_11_C3_C4_AllCysts.csv","image_012.tif","WT","16cc",1,0,0,"Continuous, loaded, blurry",134.2403,26,"Raw_yWT_imagesforQuant.lif - WT11_C4.tif",26,1371.7664,380370.9981,277.2856,11,"2a","WT11_C3_16cc","WT","image_012_masked.tif",11,"continuous",26,48057,166.3411,7549290,157.0903
"WT11_C4_16cc","Raw_yWT_imagesforQuant.lif - WT11_11_C3_C4_AllCysts.csv","image_012.tif","WT","16cc",1,0,0,"Continuous, loaded, blurry",279.2047,30,"Raw_yWT_imagesforQuant.lif - WT11_C4.tif",30,1723.9116,498706.5365,289.2878,11,"2a","WT11_C4_16cc","WT","image_012_masked.tif",11,"continuous",30,55379,191.685,24237592,437.6676
"WT11_C5_16cc","Raw_yWT_imagesforQuant.lif - WT11_11_C3_C4_AllCysts.csv","image_012.tif","WT","16cc",1,0,0,"Continuous, loaded",251.1168,29,"Raw_yWT_imagesforQuant.lif - WT11_C4.tif",29,1289.1098,396798.4156,307.8081,11,"2b","WT11_C5_16cc","WT","image_012_masked.tif",11,"continuous",29,49711,172.0661,19608122,394.4423
"WT11_C6_16cc","Raw_yWT_imagesforQuant.lif - WT11_11_C3_C4_AllCysts.csv","image_012.tif","WT","16cc",1,0,0,"Continuous, loaded, faint signal but real",171.2677,26,"Raw_yWT_imagesforQuant.lif - WT11_C4.tif",26,1451.1831,281404.5087,193.9139,11,"3","WT11_C6_16cc","WT","image_012_masked.tif",11,"continuous",26,31563,109.2499,7150761,226.5552
"WT11_GSC1","Raw_yWT_imagesforQuant.lif - WT11_11_C3_C4_AllCysts.csv","image_012.tif","WT","GSC",0,0,0,"No foci",155.4758,14,"Raw_yWT_imagesforQuant.lif - WT11_C4.tif",14,241.2685,38017.1584,157.572,11,NA,"WT11_GSC1","WT","image_012_masked.tif",11,"none",NA,NA,NA,NA,NA
"WT11_GSC2","Raw_yWT_imagesforQuant.lif - WT11_11_C3_C4_AllCysts.csv","image_012.tif","WT","GSC",0,0,0,"No foci",143.9741,10,"Raw_yWT_imagesforQuant.lif - WT11_C4.tif",10,309.6921,41685.0911,134.6017,11,NA,"WT11_GSC2","WT","image_012_masked.tif",11,"none",NA,NA,NA,NA,NA
"WT10_C1_2cc","Raw_yWT_imagesforQuant.lif - WT10_10_C3_C4_AllCysts.csv","image_011.tif","WT","2cc",0,0,0,"Foci",195.082,9,"Raw_yWT_imagesforQuant.lif - WT10_C4.tif",9,275.1889,46749.6424,169.882,10,NA,"WT10_C1_2cc","WT","image_011_masked.tif",10,"none",NA,NA,NA,NA,NA
"WT10_C2_16cc","Raw_yWT_imagesforQuant.lif - WT10_10_C3_C4_AllCysts.csv","image_011.tif","WT","16cc",1,0,0,"Complete, incomplete, loaded (Blurry)",113.7428,17,"Raw_yWT_imagesforQuant.lif - WT10_C4.tif",17,1130.4843,303432.9623,268.4097,10,"2a","WT10_C2_16cc","WT","image_011_masked.tif",10,"continuous",17,50412,174.5097,5599200,111.0688
"WT10_C3_8cc","Raw_yWT_imagesforQuant.lif - WT10_10_C3_C4_AllCysts.csv","image_011.tif","WT","8cc",1,1,0,"Complete, incomplete, loaded (Blurry)",119.8616,13,"Raw_yWT_imagesforQuant.lif - WT10_C4.tif",13,983.3565,257414.473,261.7713,10,NA,"WT10_C3_8cc","WT","image_011_masked.tif",10,"continuous",NA,NA,NA,NA,NA
"WT10_C4_16cc","Raw_yWT_imagesforQuant.lif - WT10_10_C3_C4_AllCysts.csv","image_011.tif","WT","16cc",1,0,0,"Complete, loaded",195.6195,24,"Raw_yWT_imagesforQuant.lif - WT10_C4.tif",24,1623.1388,355432.5485,218.9785,10,"2a","WT10_C4_16cc","WT","image_011_masked.tif",10,"continuous",24,47541,164.5712,15967654,335.8712
"WT10_C5_16cc","Raw_yWT_imagesforQuant.lif - WT10_10_C3_C4_AllCysts.csv","image_011.tif","WT","16cc",1,0,0,"Complete, loaded",187.6356,14,"Raw_yWT_imagesforQuant.lif - WT10_C4.tif",14,983.803,253754.526,257.9323,10,"2b","WT10_C5_16cc","WT","image_011_masked.tif",10,"continuous",14,55656,192.6627,17243817,309.8285
"WT10_GSC1","Raw_yWT_imagesforQuant.lif - WT10_10_C3_C4_AllCysts.csv","image_011.tif","WT","GSC",0,0,0,"No foci",233.211,9,"Raw_yWT_imagesforQuant.lif - WT10_C4.tif",9,212.9965,25742.3072,120.8579,10,NA,"WT10_GSC1","WT","image_011_masked.tif",10,"none",NA,NA,NA,NA,NA
"WT10_GSC2","Raw_yWT_imagesforQuant.lif - WT10_10_C3_C4_AllCysts.csv","image_011.tif","WT","GSC",0,0,0,"Foci",136.5908,9,"Raw_yWT_imagesforQuant.lif - WT10_C4.tif",9,332.6422,51248.7777,154.0658,10,NA,"WT10_GSC2","WT","image_011_masked.tif",10,"none",NA,NA,NA,NA,NA
"WT10_GSC3","Raw_yWT_imagesforQuant.lif - WT10_10_C3_C4_AllCysts.csv","image_011.tif","WT","GSC",0,0,0,"No foci",137.3381,7,"Raw_yWT_imagesforQuant.lif - WT10_C4.tif",7,142.6831,18085.5962,126.7536,10,NA,"WT10_GSC3","WT","image_011_masked.tif",10,"none",NA,NA,NA,NA,NA
"WT9_C1_2cc","Raw_yWT_imagesforQuant.lif - WT9_9_C3_C4_AllCysts.csv","image_010.tif","WT","2cc",0,0,1,"Foci",215.6331,13,"Raw_yWT_imagesforQuant.lif - WT9_C4.tif",13,341.6994,64752.5924,189.5016,9,NA,"WT9_C1_2cc","WT","image_010_masked.tif",9,"foci",NA,NA,NA,NA,NA
"WT9_C2_4cc","Raw_yWT_imagesforQuant.lif - WT9_9_C3_C4_AllCysts.csv","image_010.tif","WT","4cc",0,0,1,"Foci",228.5969,12,"Raw_yWT_imagesforQuant.lif - WT9_C4.tif",12,370.4707,84620.1746,228.4126,9,NA,"WT9_C2_4cc","WT","image_010_masked.tif",9,"foci",NA,NA,NA,NA,NA
"WT9_C3_8cc","Raw_yWT_imagesforQuant.lif - WT9_9_C3_C4_AllCysts.csv","image_010.tif","WT","8cc",1,0,1,"Complete, loaded",177.096,26,"Raw_yWT_imagesforQuant.lif - WT9_C4.tif",26,924.3516,425233.6602,460.0346,9,NA,"WT9_C3_8cc","WT","image_010_masked.tif",9,"continuous",NA,NA,NA,NA,NA
"WT9_C4_16cc","Raw_yWT_imagesforQuant.lif - WT9_9_C3_C4_AllCysts.csv","image_010.tif","WT","16cc",0,0,1,"Foci",174.3709,19,"Raw_yWT_imagesforQuant.lif - WT9_C4.tif",19,1055.1302,204815.7152,194.1142,9,"2a","WT9_C4_16cc","WT","image_010_masked.tif",9,"foci",19,7444,25.7824,3765160,505.798
"WT9_C5_16cc","Raw_yWT_imagesforQuant.lif - WT9_9_C3_C4_AllCysts.csv","image_010.tif","WT","16cc",1,0,0,"Complete, incomplete, loaded",449.3595,20,"Raw_yWT_imagesforQuant.lif - WT9_C4.tif",20,1093.7137,460487.4982,421.0311,9,"2a","WT9_C5_16cc","WT","image_010_masked.tif",9,"continuous",20,55353,191.7156,37455925,676.6738
"WT9_C6_16cc","Raw_yWT_imagesforQuant.lif - WT9_9_C3_C4_AllCysts.csv","image_010.tif","WT","16cc",1,0,0,"Complete, loaded",228.6933,17,"Raw_yWT_imagesforQuant.lif - WT9_C4.tif",17,1029.5106,328349.0701,318.937,9,"2b","WT9_C6_16cc","WT","image_010_masked.tif",9,"continuous",17,38894,134.7097,16268127,418.2683
"WT9_C7_16cc","Raw_yWT_imagesforQuant.lif - WT9_9_C3_C4_AllCysts.csv","image_010.tif","WT","16cc",1,0,0,"Complete, loaded",224.0847,22,"Raw_yWT_imagesforQuant.lif - WT9_C4.tif",22,1301.0912,372529.8417,286.3211,9,"3","WT9_C7_16cc","WT","image_010_masked.tif",9,"continuous",22,30901,107.0259,9617616,311.2396
"WT9_CB","Raw_yWT_imagesforQuant.lif - WT9_9_C3_C4_AllCysts.csv","image_010.tif","WT","CB",0,0,0,"Foci",205.7661,13,"Raw_yWT_imagesforQuant.lif - WT9_C4.tif",13,195.9376,48656.0403,248.3242,9,NA,"WT9_CB","WT","image_010_masked.tif",9,"none",NA,NA,NA,NA,NA
"WT9_GSC1","Raw_yWT_imagesforQuant.lif - WT9_9_C3_C4_AllCysts.csv","image_010.tif","WT","GSC",0,0,0,"Foci",158.1578,10,"Raw_yWT_imagesforQuant.lif - WT9_C4.tif",10,372.49,62354.9094,167.4002,9,NA,"WT9_GSC1","WT","image_010_masked.tif",9,"none",NA,NA,NA,NA,NA
"WT9_GSC2","Raw_yWT_imagesforQuant.lif - WT9_9_C3_C4_AllCysts.csv","image_010.tif","WT","GSC",0,0,0,"No foci",147.9764,12,"Raw_yWT_imagesforQuant.lif - WT9_C4.tif",12,280.7451,47583.7207,169.4908,9,NA,"WT9_GSC2","WT","image_010_masked.tif",9,"none",NA,NA,NA,NA,NA
"WT8_C1_8cc","Raw_yWT_imagesforQuant.lif - WT8_8_C3_C4_AllCysts.csv","image_009.tif","WT","8cc",0,0,0,"Foci",260.1596,17,"Raw_yWT_imagesforQuant.lif - WT8_C4.tif",17,743.4151,180516.6364,242.8208,8,NA,"WT8_C1_8cc","WT","image_009_masked.tif",8,"none",NA,NA,NA,NA,NA
"WT8_C2_8cc","Raw_yWT_imagesforQuant.lif - WT8_8_C3_C4_AllCysts.csv","image_009.tif","WT","8cc",0,1,1,"Continuous, diffuse",163.1212,30,"Raw_yWT_imagesforQuant.lif - WT8_C4.tif",30,1037.6162,404767.1901,390.0934,8,NA,"WT8_C2_8cc","WT","image_009_masked.tif",8,"discontinuous",NA,NA,NA,NA,NA
"WT8_C3_16cc","Raw_yWT_imagesforQuant.lif - WT8_8_C3_C4_AllCysts.csv","image_009.tif","WT","16cc",0,1,0,"Discontinous, loaded (Not very bright, but real signal)",144.5602,25,"Raw_yWT_imagesforQuant.lif - WT8_C4.tif",25,1111.6039,274765.0296,247.1789,8,"2a","WT8_C3_16cc","WT","image_009_masked.tif",8,"discontinuous",25,21776,74.7186,3970354,182.3271
"WT8_C4_16cc","Raw_yWT_imagesforQuant.lif - WT8_8_C3_C4_AllCysts.csv","image_009.tif","WT","16cc",1,0,0,"Continuous, loaded (Blurry)",212.7931,22,"Raw_yWT_imagesforQuant.lif - WT8_C4.tif",22,1079.865,249324.6528,230.885,8,"2b","WT8_C4_16cc","WT","image_009_masked.tif",8,"continuous",22,24299,83.3756,7455430,306.8204
"WT8_C5_16cc","Raw_yWT_imagesforQuant.lif - WT8_8_C3_C4_AllCysts.csv","image_009.tif","WT","16cc",1,0,0,"Continuous, discontinuous, loaded",513.8845,21,"Raw_yWT_imagesforQuant.lif - WT8_C4.tif",21,1009.3634,461791.2772,457.5075,8,"2a","WT8_C5_16cc","WT","image_009_masked.tif",8,"continuous",21,48786,167.3963,36497260,748.1093
"WT8_C6_16cc","Raw_yWT_imagesforQuant.lif - WT8_8_C3_C4_AllCysts.csv","image_009.tif","WT","16cc",1,0,0,"Continuous, loaded (Blurry)",250.5101,19,"Raw_yWT_imagesforQuant.lif - WT8_C4.tif",19,913.4431,328081.0242,359.1696,8,"2b","WT8_C6_16cc","WT","image_009_masked.tif",8,"continuous",19,54158,185.8289,24753891,457.068
"WT8_C7_16cc","Raw_yWT_imagesforQuant.lif - WT8_8_C3_C4_AllCysts.csv","image_009.tif","WT","16cc",1,0,0,"Continuous, loaded (Blurry)",189.1879,28,"Raw_yWT_imagesforQuant.lif - WT8_C4.tif",28,1221.7535,310548.683,254.1828,8,"3","WT8_C7_16cc","WT","image_009_masked.tif",8,"continuous",28,42150,144.6266,12804972,303.7953
"WT8_CB1","Raw_yWT_imagesforQuant.lif - WT8_8_C3_C4_AllCysts.csv","image_009.tif","WT","CB",0,0,0,"Foci",198.6884,15,"Raw_yWT_imagesforQuant.lif - WT8_C4.tif",15,207.6824,30736.3459,147.9968,8,NA,"WT8_CB1","WT","image_009_masked.tif",8,"none",NA,NA,NA,NA,NA
"WT8_GSC1","Raw_yWT_imagesforQuant.lif - WT8_8_C3_C4_AllCysts.csv","image_009.tif","WT","GSC",0,0,0,"Foci",230.8491,11,"Raw_yWT_imagesforQuant.lif - WT8_C4.tif",11,185.9215,30696.3583,165.1038,8,NA,"WT8_GSC1","WT","image_009_masked.tif",8,"none",NA,NA,NA,NA,NA
"WT8_GSC2","Raw_yWT_imagesforQuant.lif - WT8_8_C3_C4_AllCysts.csv","image_009.tif","WT","GSC",0,0,0,"Foci",205.9445,11,"Raw_yWT_imagesforQuant.lif - WT8_C4.tif",11,160.3828,23489.5131,146.459,8,NA,"WT8_GSC2","WT","image_009_masked.tif",8,"none",NA,NA,NA,NA,NA
"WT8_GSC3","Raw_yWT_imagesforQuant.lif - WT8_8_C3_C4_AllCysts.csv","image_009.tif","WT","GSC",0,0,0,"No foci",194.8726,16,"Raw_yWT_imagesforQuant.lif - WT8_C4.tif",16,241.9605,30473.7157,125.945,8,NA,"WT8_GSC3","WT","image_009_masked.tif",8,"none",NA,NA,NA,NA,NA
"WT7_C1_2cc","Raw_yWT_imagesforQuant.lif - WT24_7_C3_C4_AllCysts.csv","image_022.tif","WT","2cc",0,0,0,"No foci",142.103,10,"Raw_yWT_imagesforQuant.lif - WT24_C4.tif",10,277.6851,47994.53,172.838,7,NA,"WT7_C1_2cc","WT","image_022correct_masked.tif",7,"none",NA,NA,NA,NA,NA
"WT7_C2_2cc","Raw_yWT_imagesforQuant.lif - WT24_7_C3_C4_AllCysts.csv","image_022.tif","WT","2cc",0,0,0,"No foci",122.7374,16,"Raw_yWT_imagesforQuant.lif - WT24_C4.tif",16,296.9821,45628.3129,153.6399,7,NA,"WT7_C2_2cc","WT","image_022correct_masked.tif",7,"none",NA,NA,NA,NA,NA
"WT7_C3_8cc","Raw_yWT_imagesforQuant.lif - WT24_7_C3_C4_AllCysts.csv","image_022.tif","WT","8cc",0,1,1,"Discontinuous, loaded",144.5083,28,"Raw_yWT_imagesforQuant.lif - WT24_C4.tif",28,1066.1821,210684.3662,197.6064,7,NA,"WT7_C3_8cc","WT","image_022correct_masked.tif",7,"discontinuous",NA,NA,NA,NA,NA
"WT7_C4_16cc","Raw_yWT_imagesforQuant.lif - WT24_7_C3_C4_AllCysts.csv","image_022.tif","WT","16cc",1,0,0,"Continuous, discontinuous, loaded",355.5271,26,"Raw_yWT_imagesforQuant.lif - WT24_C4.tif",26,1050.984,359341.3188,341.9094,7,"2a","WT7_C4_16cc","WT","image_022correct_masked.tif",7,"continuous",26,52730,181.4753,32017028,607.1881
"WT7_C5_16cc","Raw_yWT_imagesforQuant.lif - WT24_7_C3_C4_AllCysts.csv","image_022.tif","WT","16cc",1,0,0,"Continuous, discontinuous, loaded",224.5223,22,"Raw_yWT_imagesforQuant.lif - WT24_C4.tif",22,861.2213,241851.6266,280.824,7,"2b","WT7_C5_16cc","WT","image_022correct_masked.tif",7,"continuous",22,27673,95.2393,9977893,360.5642
"WT7_C6_16cc","Raw_yWT_imagesforQuant.lif - WT24_7_C3_C4_AllCysts.csv","image_022.tif","WT","16cc",1,0,0,"Continuous, loaded",187.5257,17,"Raw_yWT_imagesforQuant.lif - WT24_C4.tif",17,825.0708,213727.1836,259.041,7,"3","WT7_C6_16cc","WT","image_022correct_masked.tif",7,"continuous",17,25947,89.2991,5505790,212.1937
"WT7_GSC1","Raw_yWT_imagesforQuant.lif - WT24_7_C3_C4_AllCysts.csv","image_022.tif","WT","GSC",0,0,0,"No foci",143.7037,13,"Raw_yWT_imagesforQuant.lif - WT24_C4.tif",13,305.2695,46025.2768,150.7693,7,NA,"WT7_GSC1","WT","image_022correct_masked.tif",7,"none",NA,NA,NA,NA,NA
"WT7_GSC2","Raw_yWT_imagesforQuant.lif - WT24_7_C3_C4_AllCysts.csv","image_022.tif","WT","GSC",0,0,0,"No foci",183.209,9,"Raw_yWT_imagesforQuant.lif - WT24_C4.tif",9,146.1095,21220.5895,145.2376,7,NA,"WT7_GSC2","WT","image_022correct_masked.tif",7,"none",NA,NA,NA,NA,NA
"WT6_C1_2cc","Raw_yWT_imagesforQuant.lif - WT6_6_C3_C4_AllCysts.csv","image_006-1.tif","WT","2cc",0,0,0,"No foci",174.7796,15,"Raw_yWT_imagesforQuant.lif - WT6_C4.tif",15,311.0585,57667.676,185.3917,6,NA,"WT6_C1_2cc","WT","image_006_masked.tif",6,"none",NA,NA,NA,NA,NA
"WT6_C2_8cc","Raw_yWT_imagesforQuant.lif - WT6_6_C3_C4_AllCysts.csv","image_006-1.tif","WT","8cc",0,0,1,"No foci",200.7028,22,"Raw_yWT_imagesforQuant.lif - WT6_C4.tif",22,775.5456,148499.4172,191.4773,6,NA,"WT6_C2_8cc","WT","image_006_masked.tif",6,"foci",NA,NA,NA,NA,NA
"WT6_C3_16cc","Raw_yWT_imagesforQuant.lif - WT6_6_C3_C4_AllCysts.csv","image_006-1.tif","WT","16cc",1,0,0,"Complete, loaded",391.4861,34,"Raw_yWT_imagesforQuant.lif - WT6_C4.tif",34,1461.472,470062.4528,321.6363,6,"2a","WT6_C3_16cc","WT","image_006_masked.tif",6,"continuous",34,54793,188.8366,38567866,703.8831
"WT6_C4_16cc","Raw_yWT_imagesforQuant.lif - WT6_6_C3_C4_AllCysts.csv","image_006-1.tif","WT","16cc",1,0,0,"Complete, incomplete, loaded",258.9279,29,"Raw_yWT_imagesforQuant.lif - WT6_C4.tif",29,1261.321,466124.8027,369.5529,6,"2b","WT6_C4_16cc","WT","image_006_masked.tif",6,"continuous",29,64256,221.4496,29539145,459.7103
"WT6_C5_16cc","Raw_yWT_imagesforQuant.lif - WT6_6_C3_C4_AllCysts.csv","image_006-1.tif","WT","16cc",1,0,0,"Complete, loaded but blurry",204.4318,27,"Raw_yWT_imagesforQuant.lif - WT6_C4.tif",27,1713.098,443169.533,258.6948,6,"3","WT6_C5_16cc","WT","image_006_masked.tif",6,"continuous",27,35674,122.9456,11660039,326.8498
"WT6_CB2","Raw_yWT_imagesforQuant.lif - WT6_6_C3_C4_AllCysts.csv","image_006-1.tif","WT","CB",0,0,0,"No foci",194.9113,14,"Raw_yWT_imagesforQuant.lif - WT6_C4.tif",14,187.6132,33837.5399,180.358,6,NA,"WT6_CB2","WT","image_006_masked.tif",6,"none",NA,NA,NA,NA,NA
"WT6_GSC1","Raw_yWT_imagesforQuant.lif - WT6_6_C3_C4_AllCysts.csv","image_006-1.tif","WT","GSC",0,0,0,"No foci",160.1675,11,"Raw_yWT_imagesforQuant.lif - WT6_C4.tif",11,244.9434,37053.549,151.2739,6,NA,"WT6_GSC1","WT","image_006_masked.tif",6,"none",NA,NA,NA,NA,NA
"WT6_GSC2","Raw_yWT_imagesforQuant.lif - WT6_6_C3_C4_AllCysts.csv","image_006-1.tif","WT","GSC",0,0,0,"No foci",155.8992,12,"Raw_yWT_imagesforQuant.lif - WT6_C4.tif",12,208.3637,34405.1216,165.1205,6,NA,"WT6_GSC2","WT","image_006_masked.tif",6,"none",NA,NA,NA,NA,NA
"WT5_C1_2cc","Raw_yWT_imagesforQuant.lif - WT5_5_C3_C4_AllCysts.csv","image_005.tif","WT","2cc",0,0,0,"Foci",138.0731,12,"Raw_yWT_imagesforQuant.lif - WT5_C4.tif",12,335.2349,54728.3661,163.2538,5,NA,"WT5_C1_2cc","WT","image_005_masked.tif",5,"none",NA,NA,NA,NA,NA
"WT5_C2_4cc","Raw_yWT_imagesforQuant.lif - WT5_5_C3_C4_AllCysts.csv","image_005.tif","WT","4cc",0,0,0,"Foci",107.7919,12,"Raw_yWT_imagesforQuant.lif - WT5_C4.tif",12,378.1883,53224.8698,140.7364,5,NA,"WT5_C2_4cc","WT","image_005_masked.tif",5,"none",NA,NA,NA,NA,NA
"WT5_C3_8cc","Raw_yWT_imagesforQuant.lif - WT5_5_C3_C4_AllCysts.csv","image_005.tif","WT","8cc",0,1,1,"Discontinuous, foci. Loaded (Looks like a bunch of dots in the shape of an SC)",113.7257,26,"Raw_yWT_imagesforQuant.lif - WT5_C4.tif",26,1074.6267,275742.1666,256.5935,5,NA,"WT5_C3_8cc","WT","image_005_masked.tif",5,"discontinuous",NA,NA,NA,NA,NA
"WT5_C4_16cc","Raw_yWT_imagesforQuant.lif - WT5_5_C3_C4_AllCysts.csv","image_005.tif","WT","16cc",1,0,0,"Continuous, diffuse",110.8321,30,"Raw_yWT_imagesforQuant.lif - WT5_C4.tif",30,1244.3958,417045.3657,335.1388,5,"2a","WT5_C4_16cc","WT","image_005_masked.tif",5,"continuous",30,55801,193.029,5797130,103.8894
"WT5_C5_16cc","Raw_yWT_imagesforQuant.lif - WT5_5_C3_C4_AllCysts.csv","image_005.tif","WT","16cc",0,1,1,"Discontinuous, foci, loaded",184.3419,23,"Raw_yWT_imagesforQuant.lif - WT5_C4.tif",23,943.4696,196190.4585,207.9457,5,"2a","WT5_C5_16cc","WT","image_005_masked.tif",5,"discontinuous",23,13621,47.1183,3395508,249.2848
"WT5_C6_16cc","Raw_yWT_imagesforQuant.lif - WT5_5_C3_C4_AllCysts.csv","image_005.tif","WT","16cc",1,0,0,"Continuous, foci, loaded",278.1017,27,"Raw_yWT_imagesforQuant.lif - WT5_C4.tif",27,1313.8815,487831.6369,371.2904,5,"2b","WT5_C6_16cc","WT","image_005_masked.tif",5,"continuous",27,85554,295.9518,31903046,372.8995
"WT5_C7_16cc","Raw_yWT_imagesforQuant.lif - WT5_5_C3_C4_AllCysts.csv","image_005.tif","WT","16cc",1,0,0,"Continuous, foci, loaded",136.4816,27,"Raw_yWT_imagesforQuant.lif - WT5_C4.tif",27,1335.5952,276770.3495,207.2262,5,"3","WT5_C7_16cc","WT","image_005_masked.tif",5,"continuous",27,66392,229.6658,20598405,310.2543
"WT5_CB1","Raw_yWT_imagesforQuant.lif - WT5_5_C3_C4_AllCysts.csv","image_005.tif","WT","CB",0,0,0,"No foci",133.151,15,"Raw_yWT_imagesforQuant.lif - WT5_C4.tif",15,199.9648,29559.6466,147.8242,5,NA,"WT5_CB1","WT","image_005_masked.tif",5,"none",NA,NA,NA,NA,NA
"WT5_GSC1","Raw_yWT_imagesforQuant.lif - WT5_5_C3_C4_AllCysts.csv","image_005.tif","WT","GSC",0,0,0,"No foci",100.4297,12,"Raw_yWT_imagesforQuant.lif - WT5_C4.tif",12,216.9047,26892.2268,123.9818,5,NA,"WT5_GSC1","WT","image_005_masked.tif",5,"none",NA,NA,NA,NA,NA
"WT5_GSC2","Raw_yWT_imagesforQuant.lif - WT5_5_C3_C4_AllCysts.csv","image_005.tif","WT","GSC",0,0,0,"No foci",104.8878,10,"Raw_yWT_imagesforQuant.lif - WT5_C4.tif",10,291.1435,36746.8953,126.2158,5,NA,"WT5_GSC2","WT","image_005_masked.tif",5,"none",NA,NA,NA,NA,NA
"WT4_C1_2cc","Raw_yWT_imagesforQuant.lif - WT4_4_C3_C4_AllCysts.csv","image_004.tif","WT","2cc",0,0,0,"Foci",138.2376,14,"Raw_yWT_imagesforQuant.lif - WT4_C4.tif",14,301.9059,55849.9189,184.9912,4,NA,"WT4_C1_2cc","WT","image_004_masked.tif",4,"none",NA,NA,NA,NA,NA
"WT4_C2_2cc","Raw_yWT_imagesforQuant.lif - WT4_4_C3_C4_AllCysts.csv","image_004.tif","WT","2cc",0,0,0,"No foci",140.7915,13,"Raw_yWT_imagesforQuant.lif - WT4_C4.tif",13,285.6798,49979.3828,174.9489,4,NA,"WT4_C2_2cc","WT","image_004_masked.tif",4,"none",NA,NA,NA,NA,NA
"WT4_C3_4cc","Raw_yWT_imagesforQuant.lif - WT4_4_C3_C4_AllCysts.csv","image_004.tif","WT","4cc",0,0,0,"No foci",131.335,15,"Raw_yWT_imagesforQuant.lif - WT4_C4.tif",15,698.4631,113590.1024,162.6286,4,NA,"WT4_C3_4cc","WT","image_004_masked.tif",4,"none",NA,NA,NA,NA,NA
"WT4_C4_8cc","Raw_yWT_imagesforQuant.lif - WT4_4_C3_C4_AllCysts.csv","image_004.tif","WT","8cc",0,0,1,"Foci",136.026,18,"Raw_yWT_imagesforQuant.lif - WT4_C4.tif",18,984.6463,163061.8621,165.6045,4,NA,"WT4_C4_8cc","WT","image_004_masked.tif",4,"foci",NA,NA,NA,NA,NA
"WT4_C5_8cc","Raw_yWT_imagesforQuant.lif - WT4_4_C3_C4_AllCysts.csv","image_004.tif","WT","8cc",1,0,0,"Complete, incomplete, loaded",215.375,27,"Raw_yWT_imagesforQuant.lif - WT4_C4.tif",27,1235.2615,441628.8326,357.5185,4,NA,"WT4_C5_8cc","WT","image_004_masked.tif",4,"continuous",NA,NA,NA,NA,NA
"WT4_C6_16cc","Raw_yWT_imagesforQuant.lif - WT4_4_C3_C4_AllCysts.csv","image_004.tif","WT","16cc",1,0,0,"Complete, loaded",296.5676,22,"Raw_yWT_imagesforQuant.lif - WT4_C4.tif",22,1416.5865,382784.6307,270.2162,4,"2b","WT4_C6_16cc","WT","image_004_masked.tif",4,"continuous",22,94541,323.7027,33497372,354.3158
"WT4_C7_16cc","Raw_yWT_imagesforQuant.lif - WT4_4_C3_C4_AllCysts.csv","image_004.tif","WT","16cc",1,0,0,"Complete, incomplete, loaded",140.9933,22,"Raw_yWT_imagesforQuant.lif - WT4_C4.tif",22,1200.8646,314143.168,261.5975,4,"2b","WT4_C7_16cc","WT","image_004_masked.tif",4,"continuous",22,115689,396.1121,35996943,311.1527
"WT4_C8_16cc","Raw_yWT_imagesforQuant.lif - WT4_4_C3_C4_AllCysts.csv","image_004.tif","WT","16cc",1,0,0,"Complete, loaded",164.0304,23,"Raw_yWT_imagesforQuant.lif - WT4_C4.tif",23,1570.6638,316816.4191,201.7086,4,NA,"WT4_C8_16cc","WT","image_004_masked.tif",4,"continuous",NA,NA,NA,NA,NA
"WT4_GSC1","Raw_yWT_imagesforQuant.lif - WT4_4_C3_C4_AllCysts.csv","image_004.tif","WT","GSC",0,0,0,"No foci",130.1297,12,"Raw_yWT_imagesforQuant.lif - WT4_C4.tif",12,243.6065,34224.5871,140.4913,4,NA,"WT4_GSC1","WT","image_004_masked.tif",4,"none",NA,NA,NA,NA,NA
"WT4_GSC2","Raw_yWT_imagesforQuant.lif - WT4_4_C3_C4_AllCysts.csv","image_004.tif","WT","GSC",0,0,0,"No foci",161.4007,14,"Raw_yWT_imagesforQuant.lif - WT4_C4.tif",14,337.7579,51224.334,151.6599,4,NA,"WT4_GSC2","WT","image_004_masked.tif",4,"none",NA,NA,NA,NA,NA
"WT4_GSC3","Raw_yWT_imagesforQuant.lif - WT4_4_C3_C4_AllCysts.csv","image_004.tif","WT","GSC",0,0,0,"Foci",131.2146,12,"Raw_yWT_imagesforQuant.lif - WT4_C4.tif",12,408.6575,61367.3681,150.1682,4,NA,"WT4_GSC3","WT","image_004_masked.tif",4,"none",NA,NA,NA,NA,NA
"WT3_C1_2cc","Raw_yWT_imagesforQuant.lif - WT3_3_C3_C4_AllCysts.csv","image_003.tif","WT","2cc",0,0,0,"No foci",120.5517,13,"Raw_yWT_imagesforQuant.lif - WT3_C4.tif",13,260.6648,33567.9032,128.7781,3,NA,"WT3_C1_2cc","WT","image_003_masked.tif",3,"none",NA,NA,NA,NA,NA
"WT3_C2_4cc","Raw_yWT_imagesforQuant.lif - WT3_3_C3_C4_AllCysts.csv","image_003.tif","WT","4cc",0,0,1,"Foci",143.175,19,"Raw_yWT_imagesforQuant.lif - WT3_C4.tif",19,502.7452,86648.6817,172.3511,3,NA,"WT3_C2_4cc","WT","image_003_masked.tif",3,"foci",NA,NA,NA,NA,NA
"WT3_C3_4cc","Raw_yWT_imagesforQuant.lif - WT3_3_C3_C4_AllCysts.csv","image_003.tif","WT","4cc",0,0,0,"No foci",164.4777,12,"Raw_yWT_imagesforQuant.lif - WT3_C4.tif",12,409.3322,68387.9333,167.072,3,NA,"WT3_C3_4cc","WT","image_003_masked.tif",3,"none",NA,NA,NA,NA,NA
"WT3_C4_8cc","Raw_yWT_imagesforQuant.lif - WT3_3_C3_C4_AllCysts.csv","image_003.tif","WT","8cc",1,0,1,"Complete, diffuse",134.4062,21,"Raw_yWT_imagesforQuant.lif - WT3_C4.tif",21,1139.0252,340880.5179,299.2739,3,NA,"WT3_C4_8cc","WT","image_003_masked.tif",3,"continuous",NA,NA,NA,NA,NA
"WT3_C5_16cc","Raw_yWT_imagesforQuant.lif - WT3_3_C3_C4_AllCysts.csv","image_003.tif","WT","16cc",1,0,0,"Complete, loaded (Cloudy)",153.108,22,"Raw_yWT_imagesforQuant.lif - WT3_C4.tif",22,1030.8396,363601.9323,352.7241,3,"2a","WT3_C5_16cc","WT","image_003_masked.tif",3,"continuous",22,41109,142.3215,5874966,142.9119
"WT3_C6_16cc","Raw_yWT_imagesforQuant.lif - WT3_3_C3_C4_AllCysts.csv","image_003.tif","WT","16cc",1,0,0,"Complete, loaded",262.7093,29,"Raw_yWT_imagesforQuant.lif - WT3_C4.tif",29,1173.4761,420685.6799,358.4953,3,"2a","WT3_C6_16cc","WT","image_003_masked.tif",3,"continuous",29,52043,180.1755,18653309,358.4211
"WT3_C7_16cc","Raw_yWT_imagesforQuant.lif - WT3_3_C3_C4_AllCysts.csv","image_003.tif","WT","16cc",1,0,0,"Complete, loaded",214.7618,22,"Raw_yWT_imagesforQuant.lif - WT3_C4.tif",22,1167.0332,359732.9585,308.2457,3,"2b","WT3_C7_16cc","WT","image_003_masked.tif",3,"continuous",22,63935,221.3462,19744237,308.8173
"WT3_C8_16cc","Raw_yWT_imagesforQuant.lif - WT3_3_C3_C4_AllCysts.csv","image_003.tif","WT","16cc",1,0,0,"Incomplete SC , foci",181.3726,23,"Raw_yWT_imagesforQuant.lif - WT3_C4.tif",23,1038.7712,249807.8125,240.484,3,"2b","WT3_C8_16cc","WT","image_003_masked.tif",3,"continuous",23,51877,179.6008,13928073,268.4826
"WT3_GSC1","Raw_yWT_imagesforQuant.lif - WT3_3_C3_C4_AllCysts.csv","image_003.tif","WT","GSC",0,0,0,"No foci",121.8369,22,"Raw_yWT_imagesforQuant.lif - WT3_C4.tif",22,451.4203,59318.2177,131.4035,3,NA,"WT3_GSC1","WT","image_003_masked.tif",3,"none",NA,NA,NA,NA,NA
"WT3_GSC2","Raw_yWT_imagesforQuant.lif - WT3_3_C3_C4_AllCysts.csv","image_003.tif","WT","GSC",0,0,0,"No foci",168.4183,15,"Raw_yWT_imagesforQuant.lif - WT3_C4.tif",15,433.8227,57839.4303,133.325,3,NA,"WT3_GSC2","WT","image_003_masked.tif",3,"none",NA,NA,NA,NA,NA
"WT3_GSC3","Raw_yWT_imagesforQuant.lif - WT3_3_C3_C4_AllCysts.csv","image_003.tif","WT","GSC",0,0,0,"No foci",110.2967,14,"Raw_yWT_imagesforQuant.lif - WT3_C4.tif",14,302.1055,37299.3297,123.4646,3,NA,"WT3_GSC3","WT","image_003_masked.tif",3,"none",NA,NA,NA,NA,NA
"WT2_C1_4cc","Raw_yWT_imagesforQuant.lif - WT2_2_C3_C4_AllCysts.csv","image_002.tif","WT","4cc",0,0,1,"Foci",163.5276,18,"Raw_yWT_imagesforQuant.lif - WT2_C4.tif",18,719.6889,125757.2167,174.7383,2,NA,"WT2_C1_4cc","WT","image_002_masked.tif",2,"foci",NA,NA,NA,NA,NA
"WT2_C2_8cc","Raw_yWT_imagesforQuant.lif - WT2_2_C3_C4_AllCysts.csv","image_002.tif","WT","8cc",0,0,1,"Foci",174.7709,15,"Raw_yWT_imagesforQuant.lif - WT2_C4.tif",15,796.2732,141788.4714,178.0651,2,NA,"WT2_C2_8cc","WT","image_002_masked.tif",2,"foci",NA,NA,NA,NA,NA
"WT2_C3_16cc","Raw_yWT_imagesforQuant.lif - WT2_2_C3_C4_AllCysts.csv","image_002.tif","WT","16cc",1,0,0,"Complete, incomplete, loaded",237.8375,18,"Raw_yWT_imagesforQuant.lif - WT2_C4.tif",18,1287.0064,368239.2261,286.1207,2,"2b","WT2_C3_16cc","WT","image_002_masked.tif",2,"continuous",18,48470,166.5488,15296045,315.5776
"WT2_C4_16cc","Raw_yWT_imagesforQuant.lif - WT2_2_C3_C4_AllCysts.csv","image_002.tif","WT","16cc",1,1,0,"Complete, incomplete, loaded",194.0595,19,"Raw_yWT_imagesforQuant.lif - WT2_C4.tif",19,1371.6071,329656.4554,240.3432,2,"2a","WT2_C4_16cc","WT","image_002_masked.tif",2,"continuous",19,57379,197.1612,17222814,300.1588
"WT2_C5_16cc","Raw_yWT_imagesforQuant.lif - WT2_2_C3_C4_AllCysts.csv","image_002.tif","WT","16cc",1,0,0,"Complete, loaded",214.592,22,"Raw_yWT_imagesforQuant.lif - WT2_C4.tif",22,1131.0305,327305.5604,289.387,2,"2a","WT2_C5_16cc","WT","image_002_masked.tif",2,"continuous",22,63602,218.5442,19102369,300.3423
"WT2_C6_16cc","Raw_yWT_imagesforQuant.lif - WT2_2_C3_C4_AllCysts.csv","image_002.tif","WT","16cc",1,0,0,"Complete, loaded",177.7747,21,"Raw_yWT_imagesforQuant.lif - WT2_C4.tif",21,1129.6457,325724.9546,288.3426,2,"2b","WT2_C6_16cc","WT","image_002_masked.tif",2,"continuous",21,40597,139.4962,12026084,296.2309
"WT2_GSC1","Raw_yWT_imagesforQuant.lif - WT2_2_C3_C4_AllCysts.csv","image_002.tif","WT","GSC",0,0,0,"No foci",149.3503,17,"Raw_yWT_imagesforQuant.lif - WT2_C4.tif",17,370.0154,53012.3046,143.2706,2,NA,"WT2_GSC1","WT","image_002_masked.tif",2,"none",NA,NA,NA,NA,NA
"WT2_GSC2","Raw_yWT_imagesforQuant.lif - WT2_2_C3_C4_AllCysts.csv","image_002.tif","WT","GSC",0,0,1,"foci",169.8243,14,"Raw_yWT_imagesforQuant.lif - WT2_C4.tif",14,238.6765,38607.8991,161.7583,2,NA,"WT2_GSC2","WT","image_002_masked.tif",2,"foci",NA,NA,NA,NA,NA
"WT2_GSC3","Raw_yWT_imagesforQuant.lif - WT2_2_C3_C4_AllCysts.csv","image_002.tif","WT","GSC",0,0,0,"No foci",158.1116,15,"Raw_yWT_imagesforQuant.lif - WT2_C4.tif",15,390.0239,58875.9849,150.9548,2,NA,"WT2_GSC3","WT","image_002_masked.tif",2,"none",NA,NA,NA,NA,NA
"WT1_C1_2cc","Raw_yWT_imagesforQuant.lif - WT1_1_C3_C4_AllCysts.csv","image_001.tif","WT","2cc",0,0,0,"No foci",216.113,18,"Raw_yWT_imagesforQuant.lif - WT1_C4.tif",18,429.3438,73102.962,170.2667,1,NA,"WT1_C1_2cc","WT","image_001_masked.tif",1,"none",NA,NA,NA,NA,NA
"WT1_C2_4cc","Raw_yWT_imagesforQuant.lif - WT1_1_C3_C4_AllCysts.csv","image_001.tif","WT","4cc",0,0,0,"No foci",194.4131,19,"Raw_yWT_imagesforQuant.lif - WT1_C4.tif",19,427.2491,74173.9991,173.6083,1,NA,"WT1_C2_4cc","WT","image_001_masked.tif",1,"none",NA,NA,NA,NA,NA
"WT1_C3_8cc","Raw_yWT_imagesforQuant.lif - WT1_1_C3_C4_AllCysts.csv","image_001.tif","WT","8cc",1,0,0,"Complete SC, foci. Diffuse (Partially loaded)",174.8801,32,"Raw_yWT_imagesforQuant.lif - WT1_C4.tif",32,1085.845,357723.3072,329.4423,1,NA,"WT1_C3_8cc","WT","image_001_masked.tif",1,"continuous",NA,NA,NA,NA,NA
"WT1_C4_16cc","Raw_yWT_imagesforQuant.lif - WT1_1_C3_C4_AllCysts.csv","image_001.tif","WT","16cc",1,0,0,"Complete SC, incomplete, foci. Diffuse",303.5718,24,"Raw_yWT_imagesforQuant.lif - WT1_C4.tif",24,923.7411,375566.8819,406.5716,1,"2a","WT1_C4_16cc","WT","image_001_masked.tif",1,"continuous",24,37016,127.7396,23160892,625.6995
"WT1_C5_16cc","Raw_yWT_imagesforQuant.lif - WT1_1_C3_C4_AllCysts.csv","image_001.tif","WT","16cc",1,0,0,"Complete, foci, loaded",352.5709,24,"Raw_yWT_imagesforQuant.lif - WT1_C4.tif",24,1233.4999,476724.1226,386.4809,1,"2b","WT1_C5_16cc","WT","image_001_masked.tif",1,"continuous",24,78001,269.1759,27672535,354.7715
"WT1_C6_16cc","Raw_yWT_imagesforQuant.lif - WT1_1_C3_C4_AllCysts.csv","image_001.tif","WT","16cc",1,0,0,"Complete, foci, loaded",194.5268,41,"Raw_yWT_imagesforQuant.lif - WT1_C4.tif",41,1474.8889,299135.9375,202.8193,1,"2b","WT1_C6_16cc","WT","image_001_masked.tif",1,"continuous",41,43294,149.4045,14029780,324.0583
"WT1_C7_16cc","Raw_yWT_imagesforQuant.lif - WT1_1_C3_C4_AllCysts.csv","image_001.tif","WT","16cc",1,1,0,"Complete, foci, loaded",163.3025,27,"Raw_yWT_imagesforQuant.lif - WT1_C4.tif",27,1337.0623,258301.7075,193.186,1,"2b","WT1_C7_16cc","WT","image_001_masked.tif",1,"continuous",27,10792,37.2424,1755221,162.6409
"WT1_CB","Raw_yWT_imagesforQuant.lif - WT1_1_C3_C4_AllCysts.csv","image_001.tif","WT","CB",0,0,0,"Foci",220.8121,15,"Raw_yWT_imagesforQuant.lif - WT1_C4.tif",15,239.8602,48132.4849,200.6689,1,NA,"WT1_CB","WT","image_001_masked.tif",1,"none",NA,NA,NA,NA,NA
"WT1_GSC1","Raw_yWT_imagesforQuant.lif - WT1_1_C3_C4_AllCysts.csv","image_001.tif","WT","GSC",0,0,0,"Foci",256.5407,14,"Raw_yWT_imagesforQuant.lif - WT1_C4.tif",14,285.8542,51221.2488,179.1866,1,NA,"WT1_GSC1","WT","image_001_masked.tif",1,"none",NA,NA,NA,NA,NA
"WT1_GSC2","Raw_yWT_imagesforQuant.lif - WT1_1_C3_C4_AllCysts.csv","image_001.tif","WT","GSC",0,0,0,"Foci",198.8137,18,"Raw_yWT_imagesforQuant.lif - WT1_C4.tif",18,379.3502,61272.4888,161.5196,1,NA,"WT1_GSC2","WT","image_001_masked.tif",1,"none",NA,NA,NA,NA,NA
"WT1_GSC3","Raw_yWT_imagesforQuant.lif - WT1_1_C3_C4_AllCysts.csv","image_001.tif","WT","GSC",0,0,0,"No foci",226.6181,14,"Raw_yWT_imagesforQuant.lif - WT1_C4.tif",14,236.5957,38413.1137,162.3576,1,NA,"WT1_GSC3","WT","image_001_masked.tif",1,"none",NA,NA,NA,NA,NA
"WT14_C1_2cc","Raw_yWT_imagesforQuant.lif - WT14_14_C3_C4_AllCysts.csv","image_015.tif","WT","2cc",0,0,0,"No foci",150.1507,9,"Raw_yWT_imagesforQuant.lif - WT14_C4.tif",9,286.0437,45632.3423,159.5293,14,NA,"WT14_C1_2cc","WT","image_015_masked.tif",14,"none",NA,NA,NA,NA,NA
"WT14_C2_4cc","Raw_yWT_imagesforQuant.lif - WT14_14_C3_C4_AllCysts.csv","image_015.tif","WT","4cc",0,0,0,"No foci",158.0695,17,"Raw_yWT_imagesforQuant.lif - WT14_C4.tif",17,565.1408,100566.8615,177.9501,14,NA,"WT14_C2_4cc","WT","image_015_masked.tif",14,"none",NA,NA,NA,NA,NA
"WT14_C3_8cc","Raw_yWT_imagesforQuant.lif - WT14_14_C3_C4_AllCysts.csv","image_015.tif","WT","8cc",0,0,1,"Foci",126.8236,23,"Raw_yWT_imagesforQuant.lif - WT14_C4.tif",23,926.7966,169739.5214,183.1465,14,NA,"WT14_C3_8cc","WT","image_015_masked.tif",14,"foci",NA,NA,NA,NA,NA
"WT14_C4_16cc","Raw_yWT_imagesforQuant.lif - WT14_14_C3_C4_AllCysts.csv","image_015.tif","WT","16cc",1,0,0,"Continuous, discontinuous, loaded",260.7615,31,"Raw_yWT_imagesforQuant.lif - WT14_C4.tif",31,1590.375,502665.8129,316.0675,14,"2a","WT14_C4_16cc","WT","image_015_masked.tif",14,"continuous",31,57681,198.1635,33617716,582.8213
"WT14_C5_16cc","Raw_yWT_imagesforQuant.lif - WT14_14_C3_C4_AllCysts.csv","image_015.tif","WT","16cc",1,0,0,"Continuous, discontinuous, loaded",289.8922,22,"Raw_yWT_imagesforQuant.lif - WT14_C4.tif",22,1072.1975,407828.088,380.3666,14,"2a","WT14_C5_16cc","WT","image_015_masked.tif",14,"continuous",22,60942,209.3666,24506096,402.1216
"WT14_C6_16cc","Raw_yWT_imagesforQuant.lif - WT14_14_C3_C4_AllCysts.csv","image_015.tif","WT","16cc",1,0,0,"Continuous, loaded",238.244,19,"Raw_yWT_imagesforQuant.lif - WT14_C4.tif",19,1144.2539,378772.1506,331.0211,14,"2b","WT14_C6_16cc","WT","image_015_masked.tif",14,"continuous",19,73085,251.084,27708980,379.1336
"WT14_C7_16cc","Raw_yWT_imagesforQuant.lif - WT14_14_C3_C4_AllCysts.csv","image_015.tif","WT","16cc",1,1,0,"Discontinuous, loaded",167.0852,22,"Raw_yWT_imagesforQuant.lif - WT14_C4.tif",22,1579.3951,293137.6874,185.6012,14,"3","WT14_C7_16cc","WT","image_015_masked.tif",14,"continuous",22,22369,76.8488,4613485,206.2446
"WT14_GSC1","Raw_yWT_imagesforQuant.lif - WT14_14_C3_C4_AllCysts.csv","image_015.tif","WT","GSC",0,0,0,"No foci",219.849,13,"Raw_yWT_imagesforQuant.lif - WT14_C4.tif",13,330.1041,54852.0051,166.1658,14,NA,"WT14_GSC1","WT","image_015_masked.tif",14,"none",NA,NA,NA,NA,NA
"WT14_GSC2","Raw_yWT_imagesforQuant.lif - WT14_14_C3_C4_AllCysts.csv","image_015.tif","WT","GSC",0,0,0,"No foci",147.0546,12,"Raw_yWT_imagesforQuant.lif - WT14_C4.tif",12,338.6928,58060.1258,171.4241,14,NA,"WT14_GSC2","WT","image_015_masked.tif",14,"none",NA,NA,NA,NA,NA
"WT17_C1_2cc","Raw_yWT_imagesforQuant.lif - WT17_17_C3_C4_AllCysts.csv","image_018.tif","WT","2cc",0,0,0,"No foci",183.194,10,"Raw_yWT_imagesforQuant.lif - WT17_C4.tif",10,276.6323,54117.7865,195.6307,17,NA,"WT17_C1_2cc","WT","image_018_masked.tif",17,"none",NA,NA,NA,NA,NA
"WT17_C2_8cc","Raw_yWT_imagesforQuant.lif - WT17_17_C3_C4_AllCysts.csv","image_018.tif","WT","8cc",0,0,0,"No foci",193.7111,13,"Raw_yWT_imagesforQuant.lif - WT17_C4.tif",13,510.7328,104022.0393,203.6721,17,NA,"WT17_C2_8cc","WT","image_018_masked.tif",17,"none",NA,NA,NA,NA,NA
"WT17_C3_16cc","Raw_yWT_imagesforQuant.lif - WT17_17_C3_C4_AllCysts.csv","image_018.tif","WT","16cc",0,1,0,"Discontinuous (Could argue just foci)",232.1303,18,"Raw_yWT_imagesforQuant.lif - WT17_C4.tif",18,994.9923,244549.011,245.7798,17,"2a","WT17_C3_16cc","WT","image_018_masked.tif",17,"discontinuous",18,9560,32.8596,2881879,301.4518
"WT17_C4_16cc","Raw_yWT_imagesforQuant.lif - WT17_17_C3_C4_AllCysts.csv","image_018.tif","WT","16cc",1,0,0,"Continuous, loaded (Wow)",377.5539,14,"Raw_yWT_imagesforQuant.lif - WT17_C4.tif",14,1317.6178,466616.8384,354.1367,17,"2b","WT17_C4_16cc","WT","image_018_masked.tif",17,"continuous",14,46521,159.9017,30318272,651.7115
"WT17_C5_16cc","Raw_yWT_imagesforQuant.lif - WT17_17_C3_C4_AllCysts.csv","image_018.tif","WT","16cc",1,0,0,"Continuous, loaded (Wow)",201.3933,16,"Raw_yWT_imagesforQuant.lif - WT17_C4.tif",16,1296.1525,420413.9359,324.3553,17,"3","WT17_C5_16cc","WT","image_018_masked.tif",17,"continuous",16,49102,168.7731,15334205,312.2929
"WT17_GSC1","Raw_yWT_imagesforQuant.lif - WT17_17_C3_C4_AllCysts.csv","image_018.tif","WT","GSC",0,0,0,"No foci",176.4434,13,"Raw_yWT_imagesforQuant.lif - WT17_C4.tif",13,334.7072,57496.8585,171.7826,17,NA,"WT17_GSC1","WT","image_018_masked.tif",17,"none",NA,NA,NA,NA,NA
"WT24_C1_2cc","Raw_yWT_imagesforQuant.lif - WT25_24_C3_C4_AllCysts.csv","image_025.tif","WT","2cc",0,0,0,NA,217.1879,8,"Raw_yWT_imagesforQuant.lif - WT25_C4.tif",8,259.986,38979.2055,149.9281,24,NA,"WT24_C1_2cc","WT","image_025_masked.tif",24,"none",NA,NA,NA,NA,NA
"WT24_C3_8cc",NA,"image_025.tif","WT","8cc",0,0,0,NA,127.0609,14,"Raw_yWT_imagesforQuant.lif - WT25_C4.tif",14,881.9171,112204.9239,127.2284,24,NA,"WT24_C3_8cc","WT","image_025_masked.tif",24,"none",NA,NA,NA,NA,NA
"WT24_C4_8cc",NA,"image_025.tif","WT","8cc",0,0,1,NA,155.66,19,"Raw_yWT_imagesforQuant.lif - WT25_C4.tif",19,691.586,97297.2155,140.6871,24,NA,"WT24_C4_8cc","WT","image_025_masked.tif",24,"foci",NA,NA,NA,NA,NA
"WT24_C6_16cc","Raw_yWT_imagesforQuant.lif - WT25_24_C3_C4_AllCysts.csv","image_025.tif","WT","16cc",1,0,0,NA,355.8044,15,"Raw_yWT_imagesforQuant.lif - WT25_C4.tif",15,1214.4175,344948.7701,284.0446,24,NA,"WT24_C6_16cc","WT","image_025_masked.tif",24,"continuous",NA,NA,NA,NA,NA
"WT24_C7_8cc",NA,"image_025.tif","WT","8cc",1,0,0,NA,382.8611,20,NA,NA,NA,NA,NA,NA,NA,"WT24_C7_8cc",NA,NA,NA,"continuous",NA,NA,NA,NA,NA
"WT24_C8_16cc",NA,"image_025.tif","WT","16cc",1,0,1,NA,169.5115,16,"Raw_yWT_imagesforQuant.lif - WT25_C4.tif",16,910.9631,171287.4226,188.0289,24,"2b","WT24_C8_16cc","WT","image_025_masked.tif",24,"continuous",16,22481,77.9216,5189526,230.8405
"WT24_C9_16cc",NA,"image_025.tif","WT","16cc",1,1,0,NA,156.3784,27,"Raw_yWT_imagesforQuant.lif - WT25_C4.tif",27,1418.6373,267267.4677,188.3973,24,"3","WT24_C9_16cc","WT","image_025_masked.tif",24,"continuous",27,42557,147.5072,7716536,181.3224
"WT24_CB","Raw_yWT_imagesforQuant.lif - WT25_24_C3_C4_AllCysts.csv","image_025.tif","WT","CB",0,0,0,"No foci",155.392,13,"Raw_yWT_imagesforQuant.lif - WT25_C4.tif",13,172.075,27421.4093,159.3573,24,NA,"WT24_CB","WT","image_025_masked.tif",24,"none",NA,NA,NA,NA,NA
"WT24_GSC1","Raw_yWT_imagesforQuant.lif - WT25_24_C3_C4_AllCysts.csv","image_025.tif","WT","GSC",0,0,0,"No foci",123.7428,10,"Raw_yWT_imagesforQuant.lif - WT25_C4.tif",10,222.6283,26105.563,117.2608,24,NA,"WT24_GSC1","WT","image_025_masked.tif",24,"none",NA,NA,NA,NA,NA
"WT24_GSC2","Raw_yWT_imagesforQuant.lif - WT25_24_C3_C4_AllCysts.csv","image_025.tif","WT","GSC",0,0,0,"No foci",120.1516,11,"Raw_yWT_imagesforQuant.lif - WT25_C4.tif",11,286.8137,30664.146,106.9131,24,NA,"WT24_GSC2","WT","image_025_masked.tif",24,"none",NA,NA,NA,NA,NA
"WT24_GSC3","Raw_yWT_imagesforQuant.lif - WT25_24_C3_C4_AllCysts.csv","image_025.tif","WT","GSC",0,0,0,"No foci",140.3165,9,"Raw_yWT_imagesforQuant.lif - WT25_C4.tif",9,201.4226,24586.4189,122.0639,24,NA,"WT24_GSC3","WT","image_025_masked.tif",24,"none",NA,NA,NA,NA,NA
"Meip26-7_C10_16cc","RawMeip26imagesforQuant.lif - meip26-7_7_C3_C4_AllCysts.csv","m_020.tif","meiP26","16cc",0,1,0,"Foci",352.2979,22,"RawMeip26imagesforQuant.lif - meip26-7_C4.tif",22,2694.2127,890810.938,330.6387,7,"3","Meip26-7_C10_16cc","mp26","m_020_masked.tif",7,"discontinuous",22,30727,106.0561,9215783,299.9246
"Meip26-7_C3_2cc","RawMeip26imagesforQuant.lif - meip26-7_7_C3_C4_AllCysts.csv","m_020.tif","meiP26","2cc",0,0,0,"Several foci",162.8324,15,"RawMeip26imagesforQuant.lif - meip26-7_C4.tif",15,394.3581,96660.769,245.1091,7,NA,"Meip26-7_C3_2cc","mp26","m_020_masked.tif",7,"none",NA,NA,NA,NA,NA
"Meip26-7_C4_8cc","RawMeip26imagesforQuant.lif - meip26-7_7_C3_C4_AllCysts.csv","m_020.tif","meiP26","8cc",0,0,1,"No foci",229.0036,25,"RawMeip26imagesforQuant.lif - meip26-7_C4.tif",25,969.3088,232112.3183,239.4617,7,NA,"Meip26-7_C4_8cc","mp26","m_020_masked.tif",7,"foci",NA,NA,NA,NA,NA
"Meip26-7_C5_8cc","RawMeip26imagesforQuant.lif - meip26-7_7_C3_C4_AllCysts.csv","m_020.tif","meiP26","8cc",0,0,1,"Several foci",246.851,16,"RawMeip26imagesforQuant.lif - meip26-7_C4.tif",16,1131.6841,219480.3363,193.9414,7,NA,"Meip26-7_C5_8cc","mp26","m_020_masked.tif",7,"foci",NA,NA,NA,NA,NA
"Meip26-7_C6_16cc","RawMeip26imagesforQuant.lif - meip26-7_7_C3_C4_AllCysts.csv","m_020.tif","meiP26","16cc",0,1,1,"incomplete SC, some foci",316.4041,28,"RawMeip26imagesforQuant.lif - meip26-7_C4.tif",28,1708.0637,542452.6264,317.5834,7,"2a","Meip26-7_C6_16cc","mp26","m_020_masked.tif",7,"discontinuous",28,26474,91.3766,10101709,381.5709
"Meip26-7_C7_16cc","RawMeip26imagesforQuant.lif - meip26-7_7_C3_C4_AllCysts.csv","m_020.tif","meiP26","16cc",0,1,1,"Complete SC, some foci",351.3166,11,"RawMeip26imagesforQuant.lif - meip26-7_C4.tif",11,875.3953,168231.5603,192.1778,7,"2a","Meip26-7_C7_16cc","mp26","m_020_masked.tif",7,"discontinuous",11,37688,130.0824,19097513,506.7266
"Meip26-7_C8_16cc","RawMeip26imagesforQuant.lif - meip26-7_7_C3_C4_AllCysts.csv","m_020.tif","meiP26","16cc",1,0,1,"2 Complete, blurry SC, foci",376.6185,26,"RawMeip26imagesforQuant.lif - meip26-7_C4.tif",26,1047.5937,137017.4363,130.7925,7,"2a","Meip26-7_C8_16cc","mp26","m_020_masked.tif",7,"continuous",26,38218,131.9118,23873265,624.6602
"Meip26-7_C9_16cc","RawMeip26imagesforQuant.lif - meip26-7_7_C3_C4_AllCysts.csv","m_020.tif","meiP26","16cc",0,1,0,"Several foci",243.3841,25,"RawMeip26imagesforQuant.lif - meip26-7_C4.tif",25,1143.8957,301020.3165,263.1536,7,"2b","Meip26-7_C9_16cc","mp26","m_020_masked.tif",7,"discontinuous",25,9060,31.2711,2621365,289.3339
"Meip26-7_CB","RawMeip26imagesforQuant.lif - meip26-7_7_C3_C4_AllCysts.csv","m_020.tif","meiP26","CB",0,0,0,"No foci",203.3174,7,"RawMeip26imagesforQuant.lif - meip26-7_C4.tif",7,137.9658,32980.9746,239.0518,7,NA,"Meip26-7_CB","mp26","m_020_masked.tif",7,"none",NA,NA,NA,NA,NA
"Meip26-7_GSC1","RawMeip26imagesforQuant.lif - meip26-7_7_C3_C4_AllCysts.csv","m_020.tif","meiP26","GSC",0,0,0,"No foci",178.2293,11,"RawMeip26imagesforQuant.lif - meip26-7_C4.tif",11,303.3612,71252.1328,234.8756,7,NA,"Meip26-7_GSC1","mp26","m_020_masked.tif",7,"none",NA,NA,NA,NA,NA
"Meip26-7_GSC2","RawMeip26imagesforQuant.lif - meip26-7_7_C3_C4_AllCysts.csv","m_020.tif","meiP26","GSC",0,0,0,"No foci",190.7113,16,"RawMeip26imagesforQuant.lif - meip26-7_C4.tif",16,296.641,77721.632,262.0057,7,NA,"Meip26-7_GSC2","mp26","m_020_masked.tif",7,"none",NA,NA,NA,NA,NA
"Meip26-8_C1_4cc","RawMeip26imagesforQuant.lif - meip26-8_8_C3_C4_AllCysts.csv","m_019.tif","meiP26","4cc",0,0,0,"No foci",174.3293,8,"RawMeip26imagesforQuant.lif - meip26-8_C4.tif",8,169.7867,24123.6966,142.0823,8,NA,"Meip26-8_C1_4cc","mp26","m_019_masked.tif",8,"none",NA,NA,NA,NA,NA
"Meip26-8_C2_8cc","RawMeip26imagesforQuant.lif - meip26-8_8_C3_C4_AllCysts.csv","m_019.tif","meiP26","8cc",0,0,1,"Foci",227.3744,11,"RawMeip26imagesforQuant.lif - meip26-8_C4.tif",11,460.6743,83029.8158,180.2354,8,NA,"Meip26-8_C2_8cc","mp26","m_019_masked.tif",8,"foci",NA,NA,NA,NA,NA
"Meip26-8_C3_8cc","RawMeip26imagesforQuant.lif - meip26-8_8_C3_C4_AllCysts.csv","m_019.tif","meiP26","8cc",0,0,0,"Foci",233.7674,14,"RawMeip26imagesforQuant.lif - meip26-8_C4.tif",14,524.2392,120754.0629,230.3415,8,NA,"Meip26-8_C3_8cc","mp26","m_019_masked.tif",8,"none",NA,NA,NA,NA,NA
"Meip26-8_C4_16cc","RawMeip26imagesforQuant.lif - meip26-8_8_C3_C4_AllCysts.csv","m_019.tif","meiP26","16cc",0,1,0,"Continuous, foci. Loaded",200.8318,10,"RawMeip26imagesforQuant.lif - meip26-8_C4.tif",10,445.1559,69025.5456,155.0593,8,"2a","Meip26-8_C4_16cc","mp26","m_019_masked.tif",8,"discontinuous",10,12391,42.3732,2573570,207.6967
"Meip26-8_C5_16cc","RawMeip26imagesforQuant.lif - meip26-8_8_C3_C4_AllCysts.csv","m_019.tif","meiP26","16cc",0,1,0,"Discontinuous, foci",209.6211,25,"RawMeip26imagesforQuant.lif - meip26-8_C4.tif",25,1146.2982,85547.8267,74.6296,8,"2a","Meip26-8_C5_16cc","mp26","m_019_masked.tif",8,"discontinuous",25,11069,37.8524,3897841,352.1403
"Meip26-8_C6_16cc","RawMeip26imagesforQuant.lif - meip26-8_8_C3_C4_AllCysts.csv","m_019.tif","meiP26","16cc",0,1,1,"Continuous, foci. Loaded",227.7665,27,"RawMeip26imagesforQuant.lif - meip26-8_C4.tif",27,1060.1156,89187.1789,84.1297,8,"2a","Meip26-8_C6_16cc","mp26","m_019_masked.tif",8,"discontinuous",27,41812,142.9833,10145391,242.643
"Meip26-8_C7_16cc","RawMeip26imagesforQuant.lif - meip26-8_8_C3_C4_AllCysts.csv","m_019.tif","meiP26","16cc",1,0,1,"Continuous, foci. Loaded",260.6976,16,"RawMeip26imagesforQuant.lif - meip26-8_C4.tif",16,978.7205,10293.3373,10.5171,8,"2b","Meip26-8_C7_16cc","mp26","m_019_masked.tif",8,"continuous",16,14199,48.5559,5182800,365.0116
"Meip26-8_C8_16cc","RawMeip26imagesforQuant.lif - meip26-8_8_C3_C4_AllCysts.csv","m_019.tif","meiP26","16cc",0,1,0,"Discontinuous, foci. Loaded",168.7609,24,"RawMeip26imagesforQuant.lif - meip26-8_C4.tif",24,1223.4665,10059.1069,8.2218,8,"2b","Meip26-8_C8_16cc","mp26","m_019_masked.tif",8,"discontinuous",24,2527,8.6415,419681,166.0787
"Meip26-8_CB1","RawMeip26imagesforQuant.lif - meip26-8_8_C3_C4_AllCysts.csv","m_019.tif","meiP26","CB",0,0,0,"No foci",144.5301,12,"RawMeip26imagesforQuant.lif - meip26-8_C4.tif",12,179.0677,24156.098,134.8992,8,NA,"Meip26-8_CB1","mp26","m_019_masked.tif",8,"none",NA,NA,NA,NA,NA
"Meip26-8_CB2","RawMeip26imagesforQuant.lif - meip26-8_8_C3_C4_AllCysts.csv","m_019.tif","meiP26","CB",0,0,0,"No foci",152.0393,12,"RawMeip26imagesforQuant.lif - meip26-8_C4.tif",12,144.5769,23189.4934,160.3955,8,NA,"Meip26-8_CB2","mp26","m_019_masked.tif",8,"none",NA,NA,NA,NA,NA
"Meip26-8_GSC1","RawMeip26imagesforQuant.lif - meip26-8_8_C3_C4_AllCysts.csv","m_019.tif","meiP26","GSC",0,0,0,"No foci",178.9992,10,"RawMeip26imagesforQuant.lif - meip26-8_C4.tif",10,172.3276,23053.3084,133.7761,8,NA,"Meip26-8_GSC1","mp26","m_019_masked.tif",8,"none",NA,NA,NA,NA,NA
"Meip26-8_GSC2","RawMeip26imagesforQuant.lif - meip26-8_8_C3_C4_AllCysts.csv","m_019.tif","meiP26","GSC",0,0,0,"No foci",175.7148,12,"RawMeip26imagesforQuant.lif - meip26-8_C4.tif",12,287.4201,45998.3259,160.0387,8,NA,"Meip26-8_GSC2","mp26","m_019_masked.tif",8,"none",NA,NA,NA,NA,NA
"Meip26-8_GSC3","RawMeip26imagesforQuant.lif - meip26-8_8_C3_C4_AllCysts.csv","m_019.tif","meiP26","GSC",0,0,0,"No foci",282.3893,17,"RawMeip26imagesforQuant.lif - meip26-8_C4.tif",17,207.728,43073.7297,207.3564,8,NA,"Meip26-8_GSC3","mp26","m_019_masked.tif",8,"none",NA,NA,NA,NA,NA
"Meip26-9_C10_16cc","RawMeip26imagesforQuant.lif - meip26-9_9_C3_C4_AllCysts.csv","m_018.tif","meiP26","16cc",0,1,0,"Discontinuous. Loaded",180.2017,30,"RawMeip26imagesforQuant.lif - meip26-9_C4.tif",30,1810.6172,356032.0883,196.6358,9,"2b","Meip26-9_C10_16cc","mp26","m_018_masked.tif",9,"discontinuous",30,7624,26.3936,1870539,245.3488
"Meip26-9_C11_16cc","RawMeip26imagesforQuant.lif - meip26-9_9_C3_C4_AllCysts.csv","m_018.tif","meiP26","16cc",0,1,0,"Discontinuous. Loaded",189.8349,20,"RawMeip26imagesforQuant.lif - meip26-9_C4.tif",20,1223.9491,248223.2927,202.8052,9,"3","Meip26-9_C11_16cc","mp26","m_018_masked.tif",9,"discontinuous",20,6591,22.8174,3787174,574.5978
"Meip26-9_C1_2cc","RawMeip26imagesforQuant.lif - meip26-9_9_C3_C4_AllCysts.csv","m_018.tif","meiP26","2cc",0,0,0,"No foci",162.6234,11,"RawMeip26imagesforQuant.lif - meip26-9_C4.tif",11,272.9919,35.5814,0.1303,9,NA,"Meip26-9_C1_2cc","mp26","m_018_masked.tif",9,"none",NA,NA,NA,NA,NA
"Meip26-9_C2_2cc","RawMeip26imagesforQuant.lif - meip26-9_9_C3_C4_AllCysts.csv","m_018.tif","meiP26","2cc",0,0,0,"No foci",164.5464,17,"RawMeip26imagesforQuant.lif - meip26-9_C4.tif",17,267.0305,33.0681,0.1238,9,NA,"Meip26-9_C2_2cc","mp26","m_018_masked.tif",9,"none",NA,NA,NA,NA,NA
"Meip26-9_C3_2cc","RawMeip26imagesforQuant.lif - meip26-9_9_C3_C4_AllCysts.csv","m_018.tif","meiP26","2cc",0,0,1,"Foci",141.9639,19,"RawMeip26imagesforQuant.lif - meip26-9_C4.tif",19,338.7888,75.9022,0.224,9,NA,"Meip26-9_C3_2cc","mp26","m_018_masked.tif",9,"foci",NA,NA,NA,NA,NA
"Meip26-9_C4_4cc","RawMeip26imagesforQuant.lif - meip26-9_9_C3_C4_AllCysts.csv","m_018.tif","meiP26","4cc",0,0,0,"No foci",154.9709,20,"RawMeip26imagesforQuant.lif - meip26-9_C4.tif",20,296.2593,102.5139,0.346,9,NA,"Meip26-9_C4_4cc","mp26","m_018_masked.tif",9,"none",NA,NA,NA,NA,NA
"Meip26-9_C5_8cc","RawMeip26imagesforQuant.lif - meip26-9_9_C3_C4_AllCysts.csv","m_018.tif","meiP26","8cc",0,0,1,"Foci",173.3891,12,"RawMeip26imagesforQuant.lif - meip26-9_C4.tif",12,464.6671,5781.9331,12.4432,9,NA,"Meip26-9_C5_8cc","mp26","m_018_masked.tif",9,"foci",NA,NA,NA,NA,NA
"Meip26-9_C6_8cc","RawMeip26imagesforQuant.lif - meip26-9_9_C3_C4_AllCysts.csv","m_018.tif","meiP26","8cc",0,0,1,"Foci",306.4643,16,"RawMeip26imagesforQuant.lif - meip26-9_C4.tif",16,560.4684,1716.1903,3.0621,9,NA,"Meip26-9_C6_8cc","mp26","m_018_masked.tif",9,"foci",NA,NA,NA,NA,NA
"Meip26-9_C7_16cc","RawMeip26imagesforQuant.lif - meip26-9_9_C3_C4_AllCysts.csv","m_018.tif","meiP26","16cc",1,0,1,"Complete SC, foci. Diffuse",195.5581,42,"RawMeip26imagesforQuant.lif - meip26-9_C4.tif",42,1934.8788,15446.2044,7.983,9,"2a","Meip26-9_C7_16cc","mp26","m_018_masked.tif",9,"continuous",42,31528,109.1469,4857214,154.0603
"Meip26-9_C8_16cc","RawMeip26imagesforQuant.lif - meip26-9_9_C3_C4_AllCysts.csv","m_018.tif","meiP26","16cc",0,0,1,"Foci",220.7917,17,"RawMeip26imagesforQuant.lif - meip26-9_C4.tif",17,633.5422,48162.1121,76.0204,9,"2a","Meip26-9_C8_16cc","mp26","m_018_masked.tif",9,"foci",17,3985,13.7957,836421,209.8923
"Meip26-9_C9_16cc","RawMeip26imagesforQuant.lif - meip26-9_9_C3_C4_AllCysts.csv","m_018.tif","meiP26","16cc",1,0,0,"Continuous, one discontinuous, foci. Loaded but blurry",180.0607,26,"RawMeip26imagesforQuant.lif - meip26-9_C4.tif",26,1854.7392,146334.986,78.8979,9,"2a","Meip26-9_C9_16cc","mp26","m_018_masked.tif",9,"continuous",26,10380,35.9346,3837089,369.6618
"Meip26-9_GSC1","RawMeip26imagesforQuant.lif - meip26-9_9_C3_C4_AllCysts.csv","m_018.tif","meiP26","GSC",0,0,0,"No foci",151.6844,11,"RawMeip26imagesforQuant.lif - meip26-9_C4.tif",11,283.8103,18.6493,0.0657,9,NA,"Meip26-9_GSC1","mp26","m_018_masked.tif",9,"none",NA,NA,NA,NA,NA
"Meip26-9_GSC2","RawMeip26imagesforQuant.lif - meip26-9_9_C3_C4_AllCysts.csv","m_018.tif","meiP26","GSC",0,0,0,"No foci",132.4103,13,"RawMeip26imagesforQuant.lif - meip26-9_C4.tif",13,321.1954,39.1334,0.1218,9,NA,"Meip26-9_GSC2","mp26","m_018_masked.tif",9,"none",NA,NA,NA,NA,NA
"Meip26-9_GSC3","RawMeip26imagesforQuant.lif - meip26-9_9_C3_C4_AllCysts.csv","m_018.tif","meiP26","GSC",0,0,0,"No foci",143.2373,12,"RawMeip26imagesforQuant.lif - meip26-9_C4.tif",12,370.8599,32.9469,0.0888,9,NA,"Meip26-9_GSC3","mp26","m_018_masked.tif",9,"none",NA,NA,NA,NA,NA
"Meip26-17_C10_16cc","RawMeip26imagesforQuant.lif - meip26-17_17_C3_C4_AllCysts.csv","m_010.tif","meiP26","16cc",0,0,1,"Foci (Could argue discontinuous)",213.4674,20,"RawMeip26imagesforQuant.lif - meip26-17_C4.tif",20,1252.7226,266068.293,212.392,17,"2b","Meip26-17_C10_16cc","mp26","m_010_masked.tif",17,"foci",20,4916,16.9547,1130435,229.9502
"Meip26-17_C11_16cc","RawMeip26imagesforQuant.lif - meip26-17_17_C3_C4_AllCysts.csv","m_010.tif","meiP26","16cc",0,1,1,"Discontinuous, loaded",189.2465,31,"RawMeip26imagesforQuant.lif - meip26-17_C4.tif",31,1703.7601,263756.7749,154.8086,17,"2b","Meip26-17_C11_16cc","mp26","m_010_masked.tif",17,"discontinuous",31,1096,3.78,196009,178.8403
"Meip26-17_C12_16cc","RawMeip26imagesforQuant.lif - meip26-17_17_C3_C4_AllCysts.csv","m_010.tif","meiP26","16cc",0,1,1,"Continuous, diffuse",246.4735,25,"RawMeip26imagesforQuant.lif - meip26-17_C4.tif",25,2397.9436,374526.3668,156.1865,17,"3","Meip26-17_C12_16cc","mp26","m_010_masked.tif",17,"discontinuous",25,4705,16.227,1753864,372.766
"Meip26-17_C1_2cc","RawMeip26imagesforQuant.lif - meip26-17_17_C3_C4_AllCysts.csv","m_010.tif","meiP26","2cc",0,0,0,"No foci",167.3972,12,"RawMeip26imagesforQuant.lif - meip26-17_C4.tif",12,350.175,40.1932,0.1148,17,NA,"Meip26-17_C1_2cc","mp26","m_010_masked.tif",17,"none",NA,NA,NA,NA,NA
"Meip26-17_C2_4cc","RawMeip26imagesforQuant.lif - meip26-17_17_C3_C4_AllCysts.csv","m_010.tif","meiP26","4cc",0,0,1,"Foci",171.0573,10,"RawMeip26imagesforQuant.lif - meip26-17_C4.tif",10,345.0362,35.4062,0.1026,17,NA,"Meip26-17_C2_4cc","mp26","m_010_masked.tif",17,"foci",NA,NA,NA,NA,NA
"Meip26-17_C3_2cc","RawMeip26imagesforQuant.lif - meip26-17_17_C3_C4_AllCysts.csv","m_010.tif","meiP26","2cc",0,0,0,"No foci",144.9266,11,"RawMeip26imagesforQuant.lif - meip26-17_C4.tif",11,311.9304,16.7409,0.0537,17,NA,"Meip26-17_C3_2cc","mp26","m_010_masked.tif",17,"none",NA,NA,NA,NA,NA
"Meip26-17_C4_4cc","RawMeip26imagesforQuant.lif - meip26-17_17_C3_C4_AllCysts.csv","m_010.tif","meiP26","4cc",0,0,1,"No foci",176.2201,11,"RawMeip26imagesforQuant.lif - meip26-17_C4.tif",11,448.4336,49.7742,0.111,17,NA,"Meip26-17_C4_4cc","mp26","m_010_masked.tif",17,"foci",NA,NA,NA,NA,NA
"Meip26-17_C5_4cc","RawMeip26imagesforQuant.lif - meip26-17_17_C3_C4_AllCysts.csv","m_010.tif","meiP26","4cc",0,0,0,"No foci",138.1081,7,"RawMeip26imagesforQuant.lif - meip26-17_C4.tif",7,324.3016,146.8291,0.4528,17,NA,"Meip26-17_C5_4cc","mp26","m_010_masked.tif",17,"none",NA,NA,NA,NA,NA
"Meip26-17_C6_16cc","RawMeip26imagesforQuant.lif - meip26-17_17_C3_C4_AllCysts.csv","m_010.tif","meiP26","16cc",0,1,1,"Continuous diffuse",150.7145,17,"RawMeip26imagesforQuant.lif - meip26-17_C4.tif",17,1064.6,87905.9032,82.5718,17,"2a","Meip26-17_C6_16cc","mp26","m_010_masked.tif",17,"discontinuous",17,25136,86.691,4236409,168.5395
"Meip26-17_C7_16cc","RawMeip26imagesforQuant.lif - meip26-17_17_C3_C4_AllCysts.csv","m_010.tif","meiP26","16cc",0,1,0,"Continuous, discontinuous, loaded",240.5215,21,"RawMeip26imagesforQuant.lif - meip26-17_C4.tif",21,1244.4659,4826.5132,3.8784,17,"2a","Meip26-17_C7_16cc","mp26","m_010_masked.tif",17,"discontinuous",21,27001,93.1232,8168931,302.5418
"Meip26-17_C8_16cc","RawMeip26imagesforQuant.lif - meip26-17_17_C3_C4_AllCysts.csv","m_010.tif","meiP26","16cc",0,1,0,"Discontinuous, foci",184.9139,26,"RawMeip26imagesforQuant.lif - meip26-17_C4.tif",26,1506.1703,365632.5216,242.7564,17,"2a","Meip26-17_C8_16cc","mp26","m_010_masked.tif",17,"discontinuous",26,2729,9.412,505315,185.1649
"Meip26-17_C9_16cc","RawMeip26imagesforQuant.lif - meip26-17_17_C3_C4_AllCysts.csv","m_010.tif","meiP26","16cc",1,1,0,"Discontinuous, loaded",361.0931,15,"RawMeip26imagesforQuant.lif - meip26-17_C4.tif",15,1158.175,286682.2607,247.5293,17,"2a","Meip26-17_C9_16cc","mp26","m_010_masked.tif",17,"continuous",15,32620,112.5024,27826929,853.0634
"Meip26-17_CB1","RawMeip26imagesforQuant.lif - meip26-17_17_C3_C4_AllCysts.csv","m_010.tif","meiP26","CB",0,0,0,"No foci",198.9272,10,"RawMeip26imagesforQuant.lif - meip26-17_C4.tif",10,319.0765,11.4848,0.036,17,NA,"Meip26-17_CB1","mp26","m_010_masked.tif",17,"none",NA,NA,NA,NA,NA
"Meip26-17_CB2","RawMeip26imagesforQuant.lif - meip26-17_17_C3_C4_AllCysts.csv","m_010.tif","meiP26","CB",0,0,0,"No foci",166.9437,9,"RawMeip26imagesforQuant.lif - meip26-17_C4.tif",9,191.9198,9.65,0.0503,17,NA,"Meip26-17_CB2","mp26","m_010_masked.tif",17,"none",NA,NA,NA,NA,NA
"Meip26-17_GSC1","RawMeip26imagesforQuant.lif - meip26-17_17_C3_C4_AllCysts.csv","m_010.tif","meiP26","GSC",0,0,0,"No foci",125.24,8,"RawMeip26imagesforQuant.lif - meip26-17_C4.tif",8,139.8141,4.1007,0.0293,17,NA,"Meip26-17_GSC1","mp26","m_010_masked.tif",17,"none",NA,NA,NA,NA,NA
"Meip26-17_GSC2","RawMeip26imagesforQuant.lif - meip26-17_17_C3_C4_AllCysts.csv","m_010.tif","meiP26","GSC",0,0,0,"No foci",147.746,12,"RawMeip26imagesforQuant.lif - meip26-17_C4.tif",12,370.1199,19.2413,0.052,17,NA,"Meip26-17_GSC2","mp26","m_010_masked.tif",17,"none",NA,NA,NA,NA,NA
"Meip26-21_C10_16cc","RawMeip26imagesforQuant.lif - meip26-21_21_C3_C4_AllCysts.csv","m_006.tif","meiP26","16cc",0,1,0,"Foci",235.961,15,"RawMeip26imagesforQuant.lif - meip26-21_C4.tif",15,1285.105,333672.5287,259.6461,21,"2b","Meip26-21_C10_16cc","mp26","m_006_masked.tif",21,"discontinuous",15,6927,23.6994,2096046,302.5907
"Meip26-21_C1_2cc","RawMeip26imagesforQuant.lif - meip26-21_21_C3_C4_AllCysts.csv","m_006.tif","meiP26","2cc",0,0,0,"No foci",167.8032,19,"RawMeip26imagesforQuant.lif - meip26-21_C4.tif",19,452.9436,829.3662,1.8311,21,NA,"Meip26-21_C1_2cc","mp26","m_006_masked.tif",21,"none",NA,NA,NA,NA,NA
"Meip26-21_C2_4cc","RawMeip26imagesforQuant.lif - meip26-21_21_C3_C4_AllCysts.csv","m_006.tif","meiP26","4cc",0,0,0,"No foci",284.0662,19,"RawMeip26imagesforQuant.lif - meip26-21_C4.tif",19,405.4422,113.8783,0.2809,21,NA,"Meip26-21_C2_4cc","mp26","m_006_masked.tif",21,"none",NA,NA,NA,NA,NA
"Meip26-21_C3_8cc","RawMeip26imagesforQuant.lif - meip26-21_21_C3_C4_AllCysts.csv","m_006.tif","meiP26","8cc",0,0,0,"No foci",240.9219,9,"RawMeip26imagesforQuant.lif - meip26-21_C4.tif",9,439.6689,553.3761,1.2586,21,NA,"Meip26-21_C3_8cc","mp26","m_006_masked.tif",21,"none",NA,NA,NA,NA,NA
"Meip26-21_C4_16cc","RawMeip26imagesforQuant.lif - meip26-21_21_C3_C4_AllCysts.csv","m_006.tif","meiP26","16cc",0,0,1,"Foci",400.571,20,"RawMeip26imagesforQuant.lif - meip26-21_C4.tif",20,886.6047,26684.0063,30.0968,21,"2a","Meip26-21_C4_16cc","mp26","m_006_masked.tif",21,"foci",20,11472,39.2493,5893688,513.7455
"Meip26-21_C5_16cc","RawMeip26imagesforQuant.lif - meip26-21_21_C3_C4_AllCysts.csv","m_006.tif","meiP26","16cc",0,1,1,"Continuous, discontinuous, Loaded",338.447,13,"RawMeip26imagesforQuant.lif - meip26-21_C4.tif",13,825.3496,37887.6591,45.905,21,"2a","Meip26-21_C5_16cc","mp26","m_006_masked.tif",21,"discontinuous",13,28169,96.3748,13456277,477.6981
"Meip26-21_C6_16cc","RawMeip26imagesforQuant.lif - meip26-21_21_C3_C4_AllCysts.csv","m_006.tif","meiP26","16cc",1,1,0,"Continuous, loaded",430.8176,21,"RawMeip26imagesforQuant.lif - meip26-21_C4.tif",21,1086.6178,160410.6553,147.6238,21,"2a","Meip26-21_C6_16cc","mp26","m_006_masked.tif",21,"continuous",21,45813,156.7404,37083414,809.4518
"Meip26-21_C7_16cc","RawMeip26imagesforQuant.lif - meip26-21_21_C3_C4_AllCysts.csv","m_006.tif","meiP26","16cc",0,1,1,"Discontinuous, loaded",302.912,9,"RawMeip26imagesforQuant.lif - meip26-21_C4.tif",9,1228.2361,389948.2292,317.4864,21,"2a","Meip26-21_C7_16cc","mp26","m_006_masked.tif",21,"discontinuous",9,16272,55.6715,8104045,498.0362
"Meip26-21_C8_16cc","RawMeip26imagesforQuant.lif - meip26-21_21_C3_C4_AllCysts.csv","m_006.tif","meiP26","16cc",0,1,0,"Discontinuous, loaded",340.0572,12,"RawMeip26imagesforQuant.lif - meip26-21_C4.tif",12,1227.4765,273063.9121,222.4596,21,"2b","Meip26-21_C8_16cc","mp26","m_006_masked.tif",21,"discontinuous",12,30302,103.6725,16078288,530.6015
"Meip26-21_C9_16cc","RawMeip26imagesforQuant.lif - meip26-21_21_C3_C4_AllCysts.csv","m_006.tif","meiP26","16cc",0,1,0,"Discontinuous, loaded",263.9447,20,"RawMeip26imagesforQuant.lif - meip26-21_C4.tif",20,1168.3768,508505.4328,435.2238,21,"2a","Meip26-21_C9_16cc","mp26","m_006_masked.tif",21,"discontinuous",20,13589,46.4922,4979073,366.4047
"Meip26-21_CB1","RawMeip26imagesforQuant.lif - meip26-21_21_C3_C4_AllCysts.csv","m_006.tif","meiP26","CB",0,0,0,"No foci",162.6284,10,"RawMeip26imagesforQuant.lif - meip26-21_C4.tif",10,201.1421,20.7537,0.1032,21,NA,"Meip26-21_CB1","mp26","m_006_masked.tif",21,"none",NA,NA,NA,NA,NA
"Meip26-21_CB2","RawMeip26imagesforQuant.lif - meip26-21_21_C3_C4_AllCysts.csv","m_006.tif","meiP26","CB",0,0,0,"No foci",160.1528,10,"RawMeip26imagesforQuant.lif - meip26-21_C4.tif",10,227.8797,53.9301,0.2367,21,NA,"Meip26-21_CB2","mp26","m_006_masked.tif",21,"none",NA,NA,NA,NA,NA
"Meip26-21_GSC1","RawMeip26imagesforQuant.lif - meip26-21_21_C3_C4_AllCysts.csv","m_006.tif","meiP26","GSC",0,0,0,"No foci",183.6161,21,"RawMeip26imagesforQuant.lif - meip26-21_C4.tif",21,716.6067,75.6657,0.1056,21,NA,"Meip26-21_GSC1","mp26","m_006_masked.tif",21,"none",NA,NA,NA,NA,NA
"Meip26-21_GSC2","RawMeip26imagesforQuant.lif - meip26-21_21_C3_C4_AllCysts.csv","m_006.tif","meiP26","GSC",0,0,0,"No foci",176.3416,10,"RawMeip26imagesforQuant.lif - meip26-21_C4.tif",10,261.299,25.9951,0.0995,21,NA,"Meip26-21_GSC2","mp26","m_006_masked.tif",21,"none",NA,NA,NA,NA,NA
"Meip26-21_GSC3","RawMeip26imagesforQuant.lif - meip26-21_21_C3_C4_AllCysts.csv","m_006.tif","meiP26","GSC",0,0,0,"No foci",191.7751,9,"RawMeip26imagesforQuant.lif - meip26-21_C4.tif",9,260.8235,24.5855,0.0943,21,NA,"Meip26-21_GSC3","mp26","m_006_masked.tif",21,"none",NA,NA,NA,NA,NA
"Meip26-10_C1_2cc","RawMeip26imagesforQuant.lif - meip26-10_10_C3_C4_AllCysts.csv","m_017.tif","meiP26","2cc",0,0,0,"No foci",204.019,9,"RawMeip26imagesforQuant.lif - meip26-10_C4.tif",9,355.1368,48.154,0.1356,10,NA,"Meip26-10_C1_2cc","mp26","m_017_masked.tif",10,"none",NA,NA,NA,NA,NA
"Meip26-10_C2_8cc","RawMeip26imagesforQuant.lif - meip26-10_10_C3_C4_AllCysts.csv","m_017.tif","meiP26","8cc",0,0,1,"Foci",232.6235,12,"RawMeip26imagesforQuant.lif - meip26-10_C4.tif",12,586.3167,77.1309,0.1316,10,NA,"Meip26-10_C2_8cc","mp26","m_017_masked.tif",10,"foci",NA,NA,NA,NA,NA
"Meip26-10_C3_8cc","RawMeip26imagesforQuant.lif - meip26-10_10_C3_C4_AllCysts.csv","m_017.tif","meiP26","8cc",0,0,0,"Foci",213.0657,12,"RawMeip26imagesforQuant.lif - meip26-10_C4.tif",12,1082.0521,95474.0097,88.2342,10,NA,"Meip26-10_C3_8cc","mp26","m_017_masked.tif",10,"none",NA,NA,NA,NA,NA
"Meip26-10_C4_16cc","RawMeip26imagesforQuant.lif - meip26-10_10_C3_C4_AllCysts.csv","m_017.tif","meiP26","16cc",0,1,1,"Discontinuous,",239.8594,25,"RawMeip26imagesforQuant.lif - meip26-10_C4.tif",25,1544.0343,551047.0532,356.8878,10,"2a","Meip26-10_C4_16cc","mp26","m_017_masked.tif",10,"discontinuous",25,27288,93.6317,25829089,946.5365
"Meip26-10_C5_16cc","RawMeip26imagesforQuant.lif - meip26-10_10_C3_C4_AllCysts.csv","m_017.tif","meiP26","16cc",1,1,1,"Continuous, discontinuous foci. Loaded",387.3366,29,"RawMeip26imagesforQuant.lif - meip26-10_C4.tif",29,1398.8242,494914.9877,353.8079,10,"2a","Meip26-10_C5_16cc","mp26","m_017_masked.tif",10,"continuous",29,32544,111.6663,34325122,1054.7297
"Meip26-10_C6_16cc","RawMeip26imagesforQuant.lif - meip26-10_10_C3_C4_AllCysts.csv","m_017.tif","meiP26","16cc",0,1,1,"Discontinuous, foci. Loaded",116.6011,20,"RawMeip26imagesforQuant.lif - meip26-10_C4.tif",20,881.774,128398.4357,145.6138,10,"2a","Meip26-10_C6_16cc","mp26","m_017_masked.tif",10,"discontinuous",20,35893,123.1575,19767471,550.7333
"Meip26-10_C7_16cc","RawMeip26imagesforQuant.lif - meip26-10_10_C3_C4_AllCysts.csv","m_017.tif","meiP26","16cc",0,1,1,"Continuous, discontinuous, loaded",231.9964,30,"RawMeip26imagesforQuant.lif - meip26-10_C4.tif",30,1348.4502,479303.6452,355.4478,10,"2a","Meip26-10_C7_16cc","mp26","m_017_masked.tif",10,"discontinuous",30,25488,87.4555,24741386,970.7072
"Meip26-10_C8_16cc","RawMeip26imagesforQuant.lif - meip26-10_10_C3_C4_AllCysts.csv","m_017.tif","meiP26","16cc",1,0,0,"Continuous,  Loaded.",315.5006,17,"RawMeip26imagesforQuant.lif - meip26-10_C4.tif",17,1491.4746,491185.3354,329.3287,10,"2a","Meip26-10_C8_16cc","mp26","m_017_masked.tif",10,"continuous",17,30545,104.8072,24961924,817.218
"Meip26-24_C10_16cc","RawMeip26imagesforQuant.lif - meip26-24_24_C3_C4_AllCysts.csv","m_003.tif","meiP26","16cc",1,0,1,"Complete, incomplete, foci. Loaded but blurry",250.1849,23,"RawMeip26imagesforQuant.lif - meip26-24_C4.tif",23,915.6685,224748.3455,245.4473,24,"2a","Meip26-24_C10_16cc","mp26","m_003_masked.tif",24,"continuous",23,23249,79.8472,13044147,561.0627
"Meip26-24_C11_16cc","RawMeip26imagesforQuant.lif - meip26-24_24_C3_C4_AllCysts.csv","m_003.tif","meiP26","16cc",1,0,1,"Complete, foci. Loaded",177.0631,20,"RawMeip26imagesforQuant.lif - meip26-24_C4.tif",20,1148.2003,192503.0867,167.6564,24,"2a","Meip26-24_C11_16cc","mp26","m_003_masked.tif",24,"continuous",20,10716,36.8034,3115305,290.7153
"Meip26-24_C12_16cc","RawMeip26imagesforQuant.lif - meip26-24_24_C3_C4_AllCysts.csv","m_003.tif","meiP26","16cc",0,1,1,"Discontinuous, foci",213.8772,15,"RawMeip26imagesforQuant.lif - meip26-24_C4.tif",15,662.9868,131393.7087,198.1845,24,"2b","Meip26-24_C12_16cc","mp26","m_003_masked.tif",24,"discontinuous",15,6719,23.076,3477479,517.559
"Meip26-24_C13_16cc","RawMeip26imagesforQuant.lif - meip26-24_24_C3_C4_AllCysts.csv","m_003.tif","meiP26","16cc",0,1,1,"Foci",155.7761,40,"RawMeip26imagesforQuant.lif - meip26-24_C4.tif",40,1798.284,255766.5184,142.2281,24,"2b","Meip26-24_C13_16cc","mp26","m_003_masked.tif",24,"discontinuous",40,9390,32.2493,4957039,527.9062
"Meip26-24_C15_16cc","RawMeip26imagesforQuant.lif - meip26-24_24_C3_C4_AllCysts.csv","m_003.tif","meiP26","16cc",0,1,1,"Discontinuous, foci, diffuse",157.1413,32,"RawMeip26imagesforQuant.lif - meip26-24_C4.tif",32,1436.2533,225622.0933,157.0907,24,"3","Meip26-24_C15_16cc","mp26","m_003_masked.tif",24,"discontinuous",32,10768,36.982,1941341,180.288
"Meip26-24_C1_2cc","RawMeip26imagesforQuant.lif - meip26-24_24_C3_C4_AllCysts.csv","m_003.tif","meiP26","2cc",0,0,1,"Foci",161.9181,11,"RawMeip26imagesforQuant.lif - meip26-24_C4.tif",11,279.144,50878.8449,182.2674,24,NA,"Meip26-24_C1_2cc","mp26","m_003_masked.tif",24,"foci",NA,NA,NA,NA,NA
"Meip26-24_C2_2cc","RawMeip26imagesforQuant.lif - meip26-24_24_C3_C4_AllCysts.csv","m_003.tif","meiP26","2cc",0,0,1,"Foci",124.8521,9,"RawMeip26imagesforQuant.lif - meip26-24_C4.tif",9,214.2675,34525.2498,161.1315,24,NA,"Meip26-24_C2_2cc","mp26","m_003_masked.tif",24,"foci",NA,NA,NA,NA,NA
"Meip26-24_C3_2cc","RawMeip26imagesforQuant.lif - meip26-24_24_C3_C4_AllCysts.csv","m_003.tif","meiP26","2cc",0,0,1,"Foci",130.8665,7,"RawMeip26imagesforQuant.lif - meip26-24_C4.tif",7,203.085,32911.8449,162.0594,24,NA,"Meip26-24_C3_2cc","mp26","m_003_masked.tif",24,"foci",NA,NA,NA,NA,NA
"Meip26-24_C4_4cc","RawMeip26imagesforQuant.lif - meip26-24_24_C3_C4_AllCysts.csv","m_003.tif","meiP26","4cc",0,0,1,"Foci",167.1613,10,"RawMeip26imagesforQuant.lif - meip26-24_C4.tif",10,282.3999,51925.0941,183.8708,24,NA,"Meip26-24_C4_4cc","mp26","m_003_masked.tif",24,"foci",NA,NA,NA,NA,NA
"Meip26-24_C5_8cc","RawMeip26imagesforQuant.lif - meip26-24_24_C3_C4_AllCysts.csv","m_003.tif","meiP26","8cc",0,0,1,"Foci",203.8789,14,"RawMeip26imagesforQuant.lif - meip26-24_C4.tif",14,507.819,117292.9484,230.9739,24,NA,"Meip26-24_C5_8cc","mp26","m_003_masked.tif",24,"foci",NA,NA,NA,NA,NA
"Meip26-24_C6_16cc","RawMeip26imagesforQuant.lif - meip26-24_24_C3_C4_AllCysts.csv","m_003.tif","meiP26","16cc",0,0,0,"Foci",242.8254,20,"RawMeip26imagesforQuant.lif - meip26-24_C4.tif",20,581.8826,135108.2014,232.1915,24,"2a","Meip26-24_C6_16cc","mp26","m_003_masked.tif",24,"none",20,784,2.6926,202214,257.926
"Meip26-24_C7_16cc","RawMeip26imagesforQuant.lif - meip26-24_24_C3_C4_AllCysts.csv","m_003.tif","meiP26","16cc",0,0,1,"Foci",145.9168,16,"RawMeip26imagesforQuant.lif - meip26-24_C4.tif",16,544.1038,101995.8988,187.4567,24,"2a","Meip26-24_C7_16cc","mp26","m_003_masked.tif",24,"foci",16,1584,5.4401,201358,127.1199
"Meip26-24_C8_16cc","RawMeip26imagesforQuant.lif - meip26-24_24_C3_C4_AllCysts.csv","m_003.tif","meiP26","16cc",0,0,1,"Foci",163.0672,25,"RawMeip26imagesforQuant.lif - meip26-24_C4.tif",25,681.2408,157621.9402,231.3748,24,"2a","Meip26-24_C8_16cc","mp26","m_003_masked.tif",24,"foci",25,4552,15.6335,725274,159.3308
"Meip26-24_C9_16cc","RawMeip26imagesforQuant.lif - meip26-24_24_C3_C4_AllCysts.csv","m_003.tif","meiP26","16cc",1,0,1,"Complete, foci, diffuse",216.1261,22,"RawMeip26imagesforQuant.lif - meip26-24_C4.tif",22,885.3081,172654.2395,195.0216,24,"2a","Meip26-24_C9_16cc","mp26","m_003_masked.tif",24,"continuous",22,9512,32.6683,5754038,604.9241
"Meip26-24_GSC1","RawMeip26imagesforQuant.lif - meip26-24_24_C3_C4_AllCysts.csv","m_003.tif","meiP26","GSC",0,0,1,"Foci",137.989,8,"RawMeip26imagesforQuant.lif - meip26-24_C4.tif",8,208.2641,36401.0592,174.7831,24,NA,"Meip26-24_GSC1","mp26","m_003_masked.tif",24,"foci",NA,NA,NA,NA,NA
"Meip26-24_GSC2","RawMeip26imagesforQuant.lif - meip26-24_24_C3_C4_AllCysts.csv","m_003.tif","meiP26","GSC",0,0,0,"No foci",136.3516,9,"RawMeip26imagesforQuant.lif - meip26-24_C4.tif",9,131.1405,22876.0408,174.4392,24,NA,"Meip26-24_GSC2","mp26","m_003_masked.tif",24,"none",NA,NA,NA,NA,NA
"Meip26-24_GSC3","RawMeip26imagesforQuant.lif - meip26-24_24_C3_C4_AllCysts.csv","m_003.tif","meiP26","GSC",0,0,0,"No foci",140.0537,8,"RawMeip26imagesforQuant.lif - meip26-24_C4.tif",8,107.4394,20073.2326,186.833,24,NA,"Meip26-24_GSC3","mp26","m_003_masked.tif",24,"none",NA,NA,NA,NA,NA
"Meip26-10_C10_16cc","RawMeip26imagesforQuant.lif - meip26-10_10_C3_C4_AllCysts.csv","m_017.tif","meiP26","16cc",0,1,1,"Discontinuous, foci, loaded.",285.3957,14,"RawMeip26imagesforQuant.lif - meip26-10_C4.tif",14,1001.0405,416990.4878,416.5571,10,"2b","Meip26-10_C10_16cc","mp26","m_017_masked.tif",10,"discontinuous",14,14672,50.3432,11055685,753.5227
"Meip26-10_C9_16cc","RawMeip26imagesforQuant.lif - meip26-10_10_C3_C4_AllCysts.csv","m_017.tif","meiP26","16cc",1,0,1,"Continuous, foci. Loaded",356.6495,14,"RawMeip26imagesforQuant.lif - meip26-10_C4.tif",14,1037.0445,347876.92,335.4503,10,"2a","Meip26-10_C9_16cc","mp26","m_017_masked.tif",10,"continuous",14,20617,70.7419,14862033,720.863
"Meip26-16_C10_4cc","RawMeip26imagesforQuant.lif - meip26-16_16_C3_C4_AllCysts.csv","m_011.tif","meiP26","4cc",0,0,0,NA,246.5133,24,"RawMeip26imagesforQuant.lif - meip26-16_C4.tif",24,1046.2738,59325.5462,56.7017,16,NA,"Meip26-16_C10_4cc","mp26","m_011_masked.tif",16,"none",NA,NA,NA,NA,NA
"WT24_C2_2cc","Raw_yWT_imagesforQuant.lif - WT25_24_C3_C4_AllCysts.csv","image_025.tif","WT","2cc",0,0,0,"No foci",216.4608,12,"Raw_yWT_imagesforQuant.lif - WT25_C4.tif",12,397.2093,58886.6912,148.251,24,NA,"WT24_C2_2cc","WT","image_025_masked.tif",24,"none",NA,NA,NA,NA,NA
"WT24_C5_16cc","Raw_yWT_imagesforQuant.lif - WT25_24_C3_C4_AllCysts.csv","image_025.tif","WT","16cc",1,0,0,NA,359.6028,19,"Raw_yWT_imagesforQuant.lif - WT25_C4.tif",19,665.3198,237467.7973,356.9228,24,NA,"WT24_C5_16cc","WT","image_025_masked.tif",24,"continuous",NA,NA,NA,NA,NA
"WT23_C1_2cc","Raw_yWT_imagesforQuant.lif - WT26_23_C3_C4_AllCysts.csv","image_026.tif","WT","2cc",0,0,0,"Several foci",118.2405,11,"Raw_yWT_imagesforQuant.lif - WT26_C4.tif",11,242.896,38356.6543,157.9139,23,NA,"WT23_C1_2cc",NA,NA,NA,"none",NA,NA,NA,NA,NA
"WT23_C2_2cc","Raw_yWT_imagesforQuant.lif - WT26_23_C3_C4_AllCysts.csv","image_026.tif","WT","2cc",0,0,1,"Several foci",154.5989,8,"Raw_yWT_imagesforQuant.lif - WT26_C4.tif",8,170.0482,34080.234,200.4152,23,NA,"WT23_C2_2cc",NA,NA,NA,"foci",NA,NA,NA,NA,NA
"WT23_C3_4cc","Raw_yWT_imagesforQuant.lif - WT26_23_C3_C4_AllCysts.csv","image_026.tif","WT","4cc",0,0,0,"Several foci",137.3929,11,"Raw_yWT_imagesforQuant.lif - WT26_C4.tif",11,388.2821,60932.0583,156.9273,23,NA,"WT23_C3_4cc",NA,NA,NA,"none",NA,NA,NA,NA,NA
"WT23_C4_8cc","Raw_yWT_imagesforQuant.lif - WT26_23_C3_C4_AllCysts.csv","image_026.tif","WT","8cc",1,0,1,"Several full SCs",202.4678,20,"Raw_yWT_imagesforQuant.lif - WT26_C4.tif",20,780.8981,279810.3769,358.3187,23,NA,"WT23_C4_8cc",NA,NA,NA,"continuous",NA,NA,NA,NA,NA
"WT23_C5_8cc","Raw_yWT_imagesforQuant.lif - WT26_23_C3_C4_AllCysts.csv","image_026.tif","WT","8cc",1,0,0,"Several full SCs",381.2949,14,"Raw_yWT_imagesforQuant.lif - WT26_C4.tif",14,678.8547,312475.876,460.2986,23,NA,"WT23_C5_8cc",NA,NA,NA,"continuous",NA,NA,NA,NA,NA
"WT23_C6_8cc","Raw_yWT_imagesforQuant.lif - WT26_23_C3_C4_AllCysts.csv","image_026.tif","WT","8cc",1,0,0,"Several full SCs, some incomplete and some foci",299.9612,16,"Raw_yWT_imagesforQuant.lif - WT26_C4.tif",16,858.379,307407.2309,358.1253,23,NA,"WT23_C6_8cc",NA,NA,NA,"continuous",NA,NA,NA,NA,NA
"WT23_C7_16cc","Raw_yWT_imagesforQuant.lif - WT26_23_C3_C4_AllCysts.csv","image_026.tif","WT","16cc",1,0,0,"Several full SCs, some incomplete, and some foci",137.4061,22,"Raw_yWT_imagesforQuant.lif - WT26_C4.tif",22,1255.6248,289072.8191,230.2223,23,"2b","WT23_C7_16cc",NA,NA,NA,"continuous",NA,NA,NA,NA,NA
"WT23_CB2_CB","Raw_yWT_imagesforQuant.lif - WT26_23_C3_C4_AllCysts.csv","image_026.tif","WT","CB",0,0,0,"Several foci",140.305,15,"Raw_yWT_imagesforQuant.lif - WT26_C4.tif",15,214.1923,35830.3495,167.2812,23,NA,"WT23_CB2_CB",NA,NA,NA,"none",NA,NA,NA,NA,NA
"WT23_CB3_CB","Raw_yWT_imagesforQuant.lif - WT26_23_C3_C4_AllCysts.csv","image_026.tif","WT","CB",0,0,0,"Several foci",153.7235,12,"Raw_yWT_imagesforQuant.lif - WT26_C4.tif",12,150.5352,24392.5131,162.0386,23,NA,"WT23_CB3_CB",NA,NA,NA,"none",NA,NA,NA,NA,NA
"WT23_GSC1_GSC","Raw_yWT_imagesforQuant.lif - WT26_23_C3_C4_AllCysts.csv","image_026.tif","WT","GSC",0,0,0,"Several foci",140.342,11,"Raw_yWT_imagesforQuant.lif - WT26_C4.tif",11,384.4503,56661.8705,147.3841,23,NA,"WT23_GSC1_GSC",NA,NA,NA,"none",NA,NA,NA,NA,NA
"WT23_GSC2_GSC","Raw_yWT_imagesforQuant.lif - WT26_23_C3_C4_AllCysts.csv","image_026.tif","WT","GSC",0,0,0,"Several foci",147.7087,11,"Raw_yWT_imagesforQuant.lif - WT26_C4.tif",11,257.112,39595.6726,154.0017,23,NA,"WT23_GSC2_GSC",NA,NA,NA,"none",NA,NA,NA,NA,NA
"WT23_GSC3_GSC","Raw_yWT_imagesforQuant.lif - WT26_23_C3_C4_AllCysts.csv","image_026.tif","WT","GSC",0,0,0,"Several foci - not very prominent",125.869,10,"Raw_yWT_imagesforQuant.lif - WT26_C4.tif",10,100.6778,14832.791,147.3293,23,NA,"WT23_GSC3_GSC",NA,NA,NA,"none",NA,NA,NA,NA,NA
"WT23_GSC4_GSC","Raw_yWT_imagesforQuant.lif - WT26_23_C3_C4_AllCysts.csv","image_026.tif","WT","GSC",0,0,0,"Several foci - not very prominent",144.3962,11,"Raw_yWT_imagesforQuant.lif - WT26_C4.tif",11,274.0418,42285.5934,154.3034,23,NA,"WT23_GSC4_GSC",NA,NA,NA,"none",NA,NA,NA,NA,NA
